<?xml version="1.0" encoding="utf-8"?>
<prefix name="profileprogressbar" label="Profile progress bar" language_tag="en" language_label="English">
	<key name="save_settings"><value>Save</value></key>
	<key name="theme_label"><value>Themes</value></key>
	<key name="progressbar_label"><value>Your profile is completed by</value></key>
	<key name="preview"><value>Preview</value></key>
	<key name="widget_caption"><value>Profile progress bar</value></key>
	<key name="user_hint_caption"><value>Profile progress bar</value></key>
	<key name="progressbar_label_for_user"><value>Profile is completed by</value></key>

	<key name="themes_menu_item"><value>Themes</value></key>
	<key name="features_menu_item"><value>Features</value></key>
	<key name="hint_menu_item"><value>Hint</value></key>
	<key name="blogs_desc"><value>Write new blog post</value></key>
	<key name="event_desc"><value>Add new event</value></key>
	<key name="forum_desc"><value>New topic</value></key>
	<key name="friends_desc"><value>Find new friend</value></key>
	<key name="groups_desc"><value>Create new group</value></key>
	<key name="links_desc"><value>Add new link</value></key>
	<key name="photo_desc"><value>Upload new photo</value></key>
	<key name="video_desc"><value>Add new video</value></key>
	<key name="virtualgifts_desc"><value>Send gift</value></key>
	<key name="show_hint_label"><value>Show hint</value></key>
	<key name="show_hint_desc"><value>Visible only for owner, who have not completed features</value></key>
	<key name="hint_label"><value>Hint text</value></key>
	<key name="hint_text"><value>Please, #{$photo} in the amount of {$photoCount} pieces # and {$video} # and dont forget {$friends}</value></key>
	<key name="hint_desc"><value>{$featurekey} - feature name&lt;br /&gt;{$featurekeyCount} - feature count.&lt;br /&gt;Use this character - "#" to separate features. Completed features not will be show&lt;br /&gt;&lt;br /&gt;Example: "Please,# {$photo} in the amount of {$photoCount} pieces # and {$video} # and dont forget {$friends}"&lt;br /&gt;&lt;br /&gt;Result: "Please, upload new photos in the amount of 5 pieces and add new video and dont forget Find new friend"&lt;br /&gt;</value></key>
</prefix>
