<?xml version="1.0" encoding="utf-8"?>
<prefix name="grouprss" label="RSS Feed to Group Newsfeed" language_tag="en" language_label="English"><key name="action_member_desc"><value>User who can add new RSS feed publishing to groups</value></key><key name="action_member_label"><value>Who can publish RSS Feeds?</value></key><key name="add_feed_duplicate_error"><value>RSS Feed URL already available for this group</value></key><key name="add_feed_success"><value>Group RSS feed successfully added</value></key><key name="add_new_feed"><value>Add New Feed</value></key><key name="admin_save_settings"><value>Save Settings</value></key><key name="admin_settings_title"><value>RSS Auto Feeder for Groups - Settings</value></key><key name="both_admin_owner"><value>Both Admin and Creator</value></key><key name="disable_posting_desc"><value>If enabled, RSS feeds will not be published to the groups</value></key><key name="disable_posting_label"><value>Disable RSS Publishing</value></key><key name="feed_added_time"><value>Feed added</value></key><key name="feed_count"><value># of feeds posted</value></key><key name="feed_display_text"><value>posted via RSS feed</value></key><key name="feed_url"><value>RSS feed URL</value></key><key name="group_owner"><value>Group Creator Only</value></key><key name="invalid_feed_count_error"><value>Value should be numeric and between 1 &amp; 50</value></key><key name="invalid_feed_url"><value>Invalid URL provided</value></key><key name="manage_feeds_btn_label"><value>Manage Feeds</value></key><key name="manage_settings_title"><value>Manage Group RSS Feeds</value></key><key name="newsfeed_location"><value>Group Newsfeed</value></key><key name="newsfeed_user"><value>Newsfeed entries will be posted by</value></key><key name="new_feed_url"><value>RSS Feed URL</value></key><key name="no_feed_for_group"><value>No RSS Feeds has been added for this group</value></key><key name="posted_by"><value>Posted by</value></key><key name="post_location_desc"><value>Post can be either added to Wall or Newsfeed of Groups.</value></key><key name="post_location_label"><value>RSS feeds will be posted to</value></key><key name="site_admin"><value>Site Admin Only</value></key><key name="user_feed_count"><value>Number of new RSS feeds to be posted</value></key><key name="user_save_success"><value>Settings successfully saved</value></key><key name="wall_location"><value>Group Wall</value></key><key name="widget_manage_feeds_button_title"><value>Manage Group Feeds</value></key></prefix>
