<?xml version="1.0" encoding="utf-8"?>
<prefix name="oaseo" label="OxArt SEO" language_tag="en" language_label="English"><key name="admin_edit_page_meta_label"><value>Edit meta info for url</value></key><key name="admin_index_heading"><value>SEO settings</value></key><key name="admin_saved_msg"><value>Saved</value></key><key name="admin_settings_index_txt"><value>Set templates for titles, keywords and meta descriptions for all page types. You can use default Oxwall meta info, add some prefix and postfix, or just remove default one and use your custom info. This info will work for all pages across the site except the pages with custom meta info.</value></key><key name="admin_settings_robots_txt"><value>Robots.txt files inform search engine spiders how to interact with indexing your content.</value></key><key name="admin_settings_section_label"><value>General meta info</value></key><key name="admin_settings_slugs_txt"><value>URLs hold a specific weight in the search engine rankings and are also a key to page’s keyword presence. Just as the title tag is important in on-site optimization, so are slugs – especially because people also look at the slugs in the search results.</value></key><key name="admin_tab_advanced_label"><value>Pages</value></key><key name="admin_tab_index_label"><value>General</value></key><key name="admin_tab_robots_label"><value>Robots</value></key><key name="admin_tab_sitemap_info_label"><value>Sitemap Info</value></key><key name="admin_tab_sitemap_label"><value>Sitemap</value></key><key name="admin_tab_slugs_label"><value>Slugs</value></key><key name="advanced_admin_page_text"><value>Here you can set individual custom META info for any page. You should just enter page URL and edit the data in floatbox. You can also use the same functionality directly on the frontend.</value></key><key name="desc_label"><value>Common page description</value></key><key name="enter_your_url_label"><value>Enter your URL</value></key><key name="frontend_button_label"><value>Meta Edit</value></key><key name="frontend_submit_success_message"><value>Page meta info updated</value></key><key name="general_meta_submit_message"><value>General meta info updated</value></key><key name="imagemap_url_desc"><value>Through Google Image Sitemaps, Google receives metadata regarding the images contained on a website.</value></key><key name="imagemap_url_label"><value>Image Sitemap URL</value></key><key name="inform_desc"><value>Inform (ping) Search Engines upon completion</value></key><key name="inform_label"><value>Ping Search Engines</value></key><key name="in_progress_label"><value>Please wait. Sitemap generation in progress...</value></key><key name="ip_current_page"><value>Current Page</value></key><key name="ip_pages_left"><value>Pages Left</value></key><key name="ip_pages_scanned"><value>Pages Scanned</value></key><key name="keywords_label"><value>Common page keywords</value></key><key name="meta_edit_form_cmp_title"><value>- Edit page meta info</value></key><key name="meta_edit_form_desc_desc"><value>Description tag is another targeted variable in achieving high search engine placement on major search engines. Description should be written as a powerful relevant statement including important keywords that will be found within the content of the webpage</value></key><key name="meta_edit_form_desc_fr_desc"><value> </value></key><key name="meta_edit_form_desc_label"><value>Description</value></key><key name="meta_edit_form_keyword_desc"><value>The Meta keywords tag does not weigh as heavily as the Title Tag or Meta description tag but is still relevant within the use of SEO. The Meta keywords tag should consist of the specific words and/or phrases employed in your web page.</value></key><key name="meta_edit_form_keyword_fr_desc"><value>Type keywords and press `Enter` to add them. Use `Backspace` and `х` button to remove keywords.</value></key><key name="meta_edit_form_keyword_label"><value>Keywords</value></key><key name="meta_edit_form_submit_label"><value>Update</value></key><key name="meta_edit_form_title_desc"><value>Title tag is the most important of the page factors for search engine optimization. It's the first thing that sees a user when loading any page, so please pay max attention to this page attribute.</value></key><key name="meta_edit_form_title_fr_desc"><value> </value></key><key name="meta_edit_form_title_label"><value>Title</value></key><key name="meta_edit_form_url_desc"><value> </value></key><key name="meta_edit_form_url_label"><value>Url</value></key><key name="page_default_desc"><value>{$defaultDesc}</value></key><key name="page_default_keywords"><value>{$defaultKeywords}</value></key><key name="page_default_title"><value>{$defaultTitle}</value></key><key name="sitemap_schedule_label"><value>Sitemap generation is to be scheduled...</value></key><key name="sitemap_url_desc"><value>Your Sitemap URL</value></key><key name="sitemap_url_label"><value>Sitemap URL</value></key><key name="si_desc_label"><value>Description</value></key><key name="si_keywords_label"><value>Keywords</value></key><key name="si_link"><value>Link</value></key><key name="si_referred_url"><value>Referred urls</value></key><key name="si_title_label"><value>Title</value></key><key name="si_url_image"><value>Image</value></key><key name="si_url_label"><value>Url</value></key><key name="slugs_submit_message"><value>Slug settings updated</value></key><key name="slug_plugins_desc"><value>Select plugins for items of which you would like to activate slugs.</value></key><key name="slug_plugins_label"><value>Available for plugins</value></key><key name="slug_redirect_desc"><value>Enables old slugs redirect. If you edit entity's title/label new slug string will be generated for it's URL. To avoid broken links you should enable this option. It tracks all changes and uses 301 redirect to send request to the actual URL.</value></key><key name="slug_redirect_label"><value>Old slug redirect</value></key><key name="slug_words_desc"><value>The option removes common words like 'a', 'the', 'in' from slug string to improve final URL weight. Enter comma separated list of stop words.</value></key><key name="slug_words_label"><value>URL stopwords</value></key><key name="tbl_head_broken_images"><value>Broken Images</value></key><key name="tbl_head_broken_links"><value>Broken links</value></key><key name="tbl_head_brok_ext_links"><value>Broken external links</value></key><key name="tbl_head_ext_links"><value>External links</value></key><key name="tbl_head_images"><value>Images</value></key><key name="tbl_head_pages_processed"><value>Pages processed</value></key><key name="title_label"><value>Common page title</value></key><key name="update_freq_desc"><value>This value indicates how frequently the content at a particular URL is likely to change.</value></key><key name="update_freq_label"><value>Update Frequency</value></key><key name="url_empty_path_element"><value>URL not updated. Empty URL element, please enter at least one character.</value></key><key name="url_not_editable"><value>Url is not editable</value></key><key name="use_only_latin_for_urls"><value>URL not updated. You should use only Latin characters and `-` symbol.</value></key></prefix>
