<?xml version="1.0" encoding="utf-8"?>
<prefix name="ocssitestats" label="Site Statistics" language_tag="en" language_label="English"><key name="admin_page_heading"><value>Site statistics plugin configuration</value></key><key name="blogs"><value>Blogs</value></key><key name="discussions"><value>Discussions</value></key><key name="events"><value>Events</value></key><key name="groups"><value>Groups</value></key><key name="inactive"><value>inactive</value></key><key name="index_widget_title"><value>Site Stats</value></key><key name="links"><value>Links</value></key><key name="metrics"><value>Metrics</value></key><key name="new_users_this_month"><value>New Users this Month</value></key><key name="new_users_today"><value>New Users Today</value></key><key name="online_users"><value>Online Users</value></key><key name="photos"><value>Photos</value></key><key name="settings"><value>Settings</value></key><key name="settings_updated"><value>Settings were updated</value></key><key name="total_users"><value>Total Users</value></key><key name="update"><value>Update</value></key><key name="videos"><value>Videos</value></key><key name="zero_values"><value>Show metrics with zero values</value></key></prefix>
