<?xml version="1.0" encoding="utf-8"?>
<prefix name="toplink" label="Top Link" language_tag="en" language_label="English"><key name="add_new"><value>Add new</value></key><key name="admin_settings_index"><value>Settings</value></key><key name="index_page_title"><value>Top Link</value></key><key name="new_name"><value>Item Name</value></key><key name="new_url"><value>URL</value></key><key name="new_icon"><value>Icon</value></key><key name="new_target"><value>Open in new window?</value></key><key name="new_order"><value>Order Number</value></key><key name="new_permission"><value>Allow for</value></key><key name="sub_item_name"><value>Sub Item Name</value></key><key name="sub_item_url"><value>Sub Item URL</value></key><key name="add_child"><value>Add Sub Item</value></key><key name="remove"><value>Remove</value></key><key name="list_item"><value>List of Top Links</value></key><key name="item_name"><value>Item Name</value></key><key name="item_url"><value>Item URL</value></key><key name="item_permission"><value>Available for</value></key><key name="item_icon_info"><value>Put icon url in here. For icon that has already been uploaded, this field will be filled as such: "/ICON_FILE_NAME.EXT". Or just upload one.</value></key><key name="item_perm_info"><value>Select user(s) for which this item will be visible to, if none is chosen, visibility will be set to admin only.</value></key><key name="remove_confirm"><value>Remove this link?</value></key><key name="toplink_removed"><value>Item removed!</value></key><key name="save_success_message"><value>Item successfully saved.</value></key><key name="top_link_required"><value>Required.</value></key><key name="top_link_no_name"><value>No Name</value></key><key name="top_link_no_record"><value>No Record(s)</value></key></prefix>