<?xml version="1.0" encoding="utf-8"?>
<prefix name="mcompose" label="Compose message" language_tag="en" language_label="English"><key name="add_new_message"><value>Message</value></key><key name="admin_events_enabled_description"><value>Event creator will be able to send messages to all attending members of the event.</value></key><key name="admin_events_enabled_label"><value>Events</value></key><key name="admin_features_settings_title"><value>Features</value></key><key name="admin_friends_enabled_description"><value>Divide user on friends and other users on the site. Friends will be shown first.</value></key><key name="admin_friends_enabled_label"><value>Friends</value></key><key name="admin_groups_enabled_description"><value>Group admin will be able to send messages to all members of the group.</value></key><key name="admin_groups_enabled_label"><value>Groups</value></key><key name="admin_main_settings_title"><value>Settings</value></key><key name="admin_max_users_label"><value>Max recipients count</value></key><key name="admin_plugin_required_notification"><value>&lt;a href="{$settingUrl}"&gt;Compose a message&lt;/a&gt; requires for &lt;a href="{$pluginUrl}" target="_blank"&gt;Oxwall Mailbox&lt;/a&gt; plugin</value></key><key name="admin_save_btn"><value>Save</value></key><key name="admin_settings_updated"><value>Settings updated</value></key><key name="close_fb_confirmation"><value>Your message has not been sent.&#13;
&#13;
Are you sure you want to close this form?</value></key><key name="compose_btn"><value>New message</value></key><key name="events_send_message"><value>Message users</value></key><key name="groups_send_message"><value>Message members</value></key><key name="heading_configuration"><value>Compose message</value></key><key name="plugin_required_tip"><value>Since the plugin is extension for the &lt;a href="{$pluginUrl}" target="_blank"&gt;Oxwall Mailbox&lt;/a&gt; plugin you can not use it separately.</value></key><key name="selector_event_item_info"><value>&lt;span class="ow_txt_value"&gt;{$usersCount}&lt;/span&gt; is attending</value></key><key name="selector_event_item_info_many"><value>&lt;span class="ow_txt_value"&gt;{$usersCount}&lt;/span&gt; are attending</value></key><key name="selector_group_friends"><value>Friends</value></key><key name="selector_group_item_info"><value>&lt;span class="ow_txt_value"&gt;{$usersCount}&lt;/span&gt; members</value></key><key name="selector_group_my_groups"><value>Groups</value></key><key name="selector_group_my_past_events"><value>Past Events</value></key><key name="selector_group_my_upcoming_events"><value>Upcoming Events</value></key><key name="selector_group_other"><value>Users</value></key><key name="selector_invitation_label"><value>Start typing recipients' names</value></key><key name="selector_no_friends"><value>No friends found for &lt;b&gt;{$term}&lt;/b&gt;</value></key><key name="selector_no_matches"><value>No users found for &lt;b&gt;{$term}&lt;/b&gt;</value></key><key name="selector_searching"><value>Searching...</value></key><key name="selector_too_many"><value>You can only select {$limit} users</value></key><key name="some_messages_not_sent"><value>Only {$sentCount} of the selected users will receive the message.</value></key></prefix>
