<?xml version="1.0" encoding="utf-8"?>
<prefix name="ocsbillingmoneybookers" label="Moneybookers by Oxwall CandyStore" language_tag="en" language_label="English"><key name="account_settings"><value>Merchant account settings</value></key><key name="available"><value>available</value></key><key name="btn_save"><value>Save</value></key><key name="config_page_heading"><value>Moneybookers Plugin configuration</value></key><key name="gateway_title"><value>Moneybookers (Skrill)</value></key><key name="language"><value>Payment page language</value></key><key name="merchant_email"><value>Merchant email</value></key><key name="merchant_email_desc"><value>ex. &lt;b&gt;merchant@merchant.com&lt;/b&gt;</value></key><key name="merchant_id"><value>Merchant ID</value></key><key name="plugin_configuration_notice"><value>&lt;a href="{$url}"&gt;Moneybookers plugin&lt;/a&gt; requires additional configuration</value></key><key name="recipient_description"><value>Merchant description</value></key><key name="recurring_supported"><value>Recurring payments</value></key><key name="sandbox_mode"><value>Sandbox mode</value></key><key name="secret"><value>Secret word</value></key><key name="secret_desc"><value>Secret word submitted in the "Merchant Tools" section of Moneybookers merchant account</value></key><key name="settings_updated"><value>Settings has been updated</value></key><key name="supported_currencies"><value>Supported currencies</value></key></prefix>
