<?xml version="1.0" encoding="utf-8"?>
<prefix name="utags" label="Photo Tags" language_tag="en" language_label="English"><key name="admin_plugin_required_notification"><value>&lt;a href="{$settingUrl}"&gt;Photo Tags&lt;/a&gt; requires for &lt;a href="{$pluginUrl}"&gt;Oxwall Photo&lt;/a&gt; plugin.</value></key><key name="auth_action_add_tags"><value>Add tags</value></key><key name="auth_action_view_tags"><value>View tags</value></key><key name="auth_group_label"><value>Photo Tags</value></key><key name="config_copy_photo"><value>Copy tagged photos</value></key><key name="config_copy_photo_desc"><value>Tagged photos will be automatically added to the tagged user's photo album</value></key><key name="config_crop_photo"><value>Crop photo thumbnail</value></key><key name="config_crop_photo_desc"><value>Photo thumbnail will be cropped to emphasize the tagged user</value></key><key name="config_photo_album_name"><value>Album title</value></key><key name="config_photo_album_name_desc"><value>Choose a name for the album where the photos will be added. Don't forget to translate the album title to other languages on your site.</value></key><key name="config_save_label"><value>Save</value></key><key name="config_section_title"><value>User Tags</value></key><key name="default_photo_album_name"><value>Photo with me</value></key><key name="delete_tag"><value>Delete tag</value></key><key name="feed_content_label"><value>Photo tags</value></key><key name="heading_configuration"><value>Photo Tags</value></key><key name="leave_review_suggest"><value>Please, &lt;a href="{$pluginUrl}" target="_blank"&gt;leave a review&lt;/a&gt;  if you liked the plugin.&lt;br /&gt;&#13;
Help me to make this plugin popular and I will add more cool features.</value></key><key name="newsfeed_owner_text_tag"><value>tagged their photo with {$tag}</value></key><key name="newsfeed_owner_themselves_tag"><value>tagged themselves on the photo</value></key><key name="newsfeed_owner_user_tag"><value>tagged {$taggedUser} on the photo</value></key><key name="newsfeed_text_tagged"><value>tagged {$photoOwner}'s photo with {$tag}</value></key><key name="newsfeed_user_photo_user_tagged"><value>tagged {$taggedUser} on {$photoOwner}'s photo</value></key><key name="newsfeed_user_tagged"><value>tagged {$taggedUser} on {$photoOwner}'s photo</value></key><key name="notifications_owner_tagged_you"><value>{$user} tagged you on their photo</value></key><key name="notifications_section_label"><value>Photo Tags</value></key><key name="notifications_setting_tag_me"><value>Someone tags me on a photo</value></key><key name="notifications_setting_tag_my_photo"><value>Someone adds tag to my photo</value></key><key name="notifications_tagged_himself_on_your_photo"><value>{$user} tagged themselves on your photo</value></key><key name="notifications_tagged_user_on_your_photo"><value>{$user} tagged {$taggedUser} on your photo</value></key><key name="notifications_tagged_your_photo"><value>{$user} tagged your photo with {$tag}</value></key><key name="notifications_tagged_you_on_your_photo"><value>{$user} tagged you on your photo</value></key><key name="notifications_user_tagged_you"><value>{$user} tagged you on {$photoOwner}'s photo</value></key><key name="on_this_photo_title"><value>On this photo</value></key><key name="privacy_action_tag_my_photo"><value>Tag my photos</value></key><key name="privacy_action_view_tags"><value>View my photo tags</value></key><key name="selector_group_friends"><value>Friends</value></key><key name="selector_group_other"><value>Users</value></key><key name="selector_group_tags"><value>Popular tags</value></key><key name="selector_no_matches"><value>Press &lt;b&gt;Enter&lt;/b&gt; to add a new tag</value></key><key name="selector_searching"><value>Searching...</value></key><key name="selector_tag_item_info"><value>Tagged photos: &lt;span class="ow_txt_value"&gt;{$count}&lt;/span&gt;</value></key><key name="selector_too_short"><value>Enter user name or text for the tag</value></key><key name="settings_saved_message"><value>Settings have been saved</value></key><key name="start_tagging_btn"><value>Tag photo</value></key><key name="stop_tagging_btn"><value>Done tagging</value></key><key name="tagged_by"><value>Tagged by {$taggedBy}</value></key><key name="tagging_legend"><value>Click on the photo to start tagging. {$doneTagging}</value></key><key name="usercredits_action_tag_photo"><value>Tag photo</value></key></prefix>
