<?xml version="1.0" encoding="utf-8"?>
<prefix name="gvideoviewer" label="GVideoViewer" language_tag="en" language_label="English"><key name="loading"><value>Loading</value></key><key name="all_videos"><value>All videos</value></key><key name="slideshow"><value>Slideshow</value></key><key name="play"><value>Play</value></key><key name="pause"><value>Pause</value></key><key name="repeat"><value>Repeat</value></key><key name="from"><value>from</value></key><key name="go_video"><value>Go video</value></key><key name="download_this_video"><value>Download this video</value></key><key name="added"><value>Added</value></key><key name="actions"><value>actions</value></key><key name="admin_config"><value>Videoviewer - Plugin Settings</value></key><key name="admin_menu_general"><value>General</value></key><key name="enable_video_viewer"><value>Enable Video Viewer</value></key><key name="can_users_to_download_videos"><value>Can users to download videos</value></key><key name="slideshow_time_per_a_video"><value>Slideshow time per a video</value></key></prefix>
