<?xml version="1.0" encoding="utf-8"?>
<prefix name="sponsors" label="Sponsors Wall" language_tag="en" language_label="English"><key name="action"><value>Action</value></key><key name="add_sponsor_btn"><value>Add Sponsor</value></key><key name="add_sponsor_heading"><value>Add New Sponsor</value></key><key name="add_sponsor_title"><value>Add New Sponsor @ {$site_name}</value></key><key name="admin_add_sponsor"><value>Add Sponsor</value></key><key name="admin_save_settings"><value>Save Settings</value></key><key name="admin_settings_title"><value>Sponsor's Wall - Settings</value></key><key name="admin_sponsors_list"><value>All Sponsors</value></key><key name="admin_tab_general_title"><value>General Settings</value></key><key name="always_single_flip"><value>Make only one Sponsor as active</value></key><key name="always_single_flip_desc"><value>If enabled, uses can have only one sponsor details to view. Other details will be flipped back.</value></key><key name="approve"><value>Approve</value></key><key name="approved"><value>Approved</value></key><key name="auto_approve"><value>Auto approve Sponsorship submissions</value></key><key name="auto_approve_desc"><value>Suggested to manually verify payment and sponsor details</value></key><key name="become_sponsor"><value>Become a Sponsor</value></key><key name="become_sponsor_btn"><value>Become Sponsor</value></key><key name="become_sponsor_desc"><value>Become our Sponsor and be involved in our community</value></key><key name="become_sponsor_heading"><value>Become Our Sponsor</value></key><key name="become_sponsor_title"><value>Become a Sponsor for {$site_name}</value></key><key name="click_to_view_details"><value>Click to view details</value></key><key name="current_logo_image"><value>Current Logo Image</value></key><key name="cutoff_date_notify"><value>Cut-off day before expiry for sending reminder</value></key><key name="cutoff_date_notify_desc"><value># of days before sponsorship expire, reminder will be sent for sponsor to re-new</value></key><key name="delete_sponsor_ok"><value>Sponsor successfully deleted</value></key><key name="details"><value>Sponsor Details</value></key><key name="disapprove"><value>Disapprove</value></key><key name="edit_sponsor_btn"><value>Update Sponsor</value></key><key name="edit_sponsor_heading"><value>Edit Sponsor Details</value></key><key name="image"><value>Logo</value></key><key name="invalid_email_format"><value>Not a valid email address</value></key><key name="invalid_numeric_format"><value>Should be a valid numeric value</value></key><key name="invalid_sponsor_amount"><value>Value should be numeric and equal or higher than USD {$minAmount}</value></key><key name="invalid_url_format"><value>Invalid URL format</value></key><key name="menutext_value"><value>Sponsors</value></key><key name="minimum_payment_required"><value>Minimum price to become a Sponsor</value></key><key name="minimum_payment_required_desc"><value>Making the value as 0, will make becoming a sponsor FREE</value></key><key name="no_sponsors_yet"><value>There are no sponsors yet :(</value></key><key name="only_admin_add_sponsors"><value>Only admin can add new sponsors</value></key><key name="only_admin_add_sponsors_desc"><value>If enabled, other members can not do sponsorship submissions</value></key><key name="payment_gatway_selection"><value>Payment Mode</value></key><key name="pending"><value>Pending</value></key><key name="price_usd"><value>Price</value></key><key name="reminder_content"><value>Dear Sponsor,&lt;br/&gt;
Thanks again for being a sponsor for {$site_name}.&lt;br/&gt; We noted that your sponsorship is going to expire shortly. Please visit our site to extend your sponsorship. &lt;br/&gt;&lt;br/&gt;
We are looking forward to have you as our esteemed sponsor.&lt;br/&gt;
Thanks,&lt;br/&gt;
{$site_name}</value></key><key name="reminder_subject"><value>Sponsorship for {$site_name} ending soon</value></key><key name="show_new_sponsor_link_last"><value>Display "Become Sponsor" section at the end of sponsors list</value></key><key name="show_new_sponsor_link_last_desc"><value>If disabled, "Become Sponsor" link will appear at the beginning of the list</value></key><key name="site_sponsors_heading"><value>Our Proud Sponsors</value></key><key name="site_sponsors_title"><value>Our Sponsors @ {$site_name}</value></key><key name="sponsorship_validatity"><value>Validity(days) period of Sponsorship</value></key><key name="sponsorship_validatity_desc"><value>After the validity (in days), the sponsor will become invalid and not displayed in the Sponsor Wall</value></key><key name="sponsorsh_image_file"><value>Logo Image File</value></key><key name="sponsors_count_displayed"><value>Sponsors to be displayed in the list</value></key><key name="sponsors_count_displayed_desc"><value>Number of Sponsors to display in the Sponsor Wall</value></key><key name="sponsor_add_error"><value>Problem with adding your sponsorship. Please retry again.</value></key><key name="sponsor_edit_error"><value>Error during editing/saving sponsor details</value></key><key name="sponsor_edit_ok"><value>Successfully edited sponsor details</value></key><key name="sponsor_email"><value>Sponsor Email</value></key><key name="sponsor_email_desc"><value>Email for notifications</value></key><key name="sponsor_live_notification"><value>Sponsorship active now. Thanks for becoming our Sponsor.</value></key><key name="sponsor_live_notification_after_approval"><value>Thanks for interest in becoming our Sponsor. Your sponsorship will be active after approval.</value></key><key name="sponsor_name"><value>Sponsor Name / Company Name</value></key><key name="sponsor_name_desc"><value>Sponsor Name to be displayed</value></key><key name="sponsor_payment_amount"><value>Sponsorship Amount</value></key><key name="sponsor_payment_amount_desc"><value>Minimum amount allowed is {$minAmount}</value></key><key name="sponsor_payment_gateway_text"><value>Sponsorship Payment</value></key><key name="sponsor_status_changed"><value>Sponsor status successfully changed</value></key><key name="sponsor_website"><value>Website URL</value></key><key name="sponsor_website_desc"><value>Sponsor's display website</value></key><key name="userId"><value>Member</value></key><key name="user_save_success"><value>Settings successfully saved</value></key><key name="user_widget_title"><value>Site Sponsor</value></key><key name="validity"><value>Validity</value></key></prefix>
