<?xml version="1.0" encoding="utf-8"?>
<prefix name="ynsocialbridge" label="Social Bridge" language_tag="en" language_label="English">
<key name="admin_ynsocialbridge_heading">
<value>Social Bridge Plugin</value>
</key>
<key name="facebook_settings">
<value>Facebook Settings</value>
</key>
<key name="facebook_settings_description">
<value>You can now integrate Oxwall to Facebook. To do so, create an Application through the &lt;a href="https://developers.facebook.com/" target="_blank"&gt;Facebook Developers&lt;/a&gt; page.</value>
</key>
<key name="twitter_settings">
<value>Twitter Settings</value>
</key>
<key name="twitter_settings_description">
<value>You can now integrate Oxwall to Twitter. To do so, create an Application through the &lt;a href="https://dev.twitter.com/apps/new" target="_blank"&gt;Twitter Developers&lt;/a&gt; page.</value>
</key>
<key name="linkedin_settings">
<value>LinkedIn Settings</value>
</key>
<key name="linkedin_settings_description">
<value>You can now integrate Oxwall to LinkedIn. To do so, create an Application through the &lt;a href="https://www.linkedin.com/secure/developer" target="_blank"&gt;LinkedIn Developers&lt;/a&gt; page.</value>
</key>
<key name="save_btn_label">
<value>Save</value>
</key>
<key name="facebook_app_setting">
<value>Facebook APP</value>
</key>
<key name="facebook_setting_key">
<value>Facebook APP ID</value>
</key>
<key name="facebook_setting_secret">
<value>Facebook APP Secret</value>
</key>
<key name="facebook_settings_updated">
<value>Facebook Settings Updated</value>
</key>
<key name="twitter_app_setting">
<value>Twitter APP</value>
</key>
<key name="twitter_setting_key">
<value>Twitter App Consumer Key</value>
</key>
<key name="twitter_setting_secret">
<value>Twitter App Consumer Secret</value>
</key>
<key name="twitter_settings_updated">
<value>Twitter Settings Updated</value>
</key>
<key name="linkedin_app_setting">
<value>LinkedIn APP</value>
</key>
<key name="linkedin_setting_key">
<value>LinkedIn Key</value>
</key>
<key name="linkedin_setting_secret">
<value>LinkedIn Secret</value>
</key>
<key name="linkedin_settings_updated">
<value>LinkedIn Settings Updated</value>
</key>
<key name="manage_socialbridge_label">
<value>Manage Social Settings</value>
</key>
<key name="menu_item_connects">
<value>Connections</value>
</key>
<key name="socialbridge_management_page_heading">
<value>Social Bridge Management</value>
</key>
<key name="connections_label">
<value>Your contacts are safe with us!</value>
</key>
<key name="connections_description">
<value>We'll import your address book to suggest connections and help you manage your contacts. And we won't store your password or email anyone without your permission.</value>
</key>
<key name="conform_disconnect">
<value>Are you sure you want to disconnect this account?</value>
</key>
<key name="disconnect">
<value>Disconnect</value>
</key>
<key name="connect">
<value>Connect</value>
</key>
<key name="max_invite_day">
<value>Maximum Allowed Invitations Per Day</value>
</key>
<key name="facebook_max_invite_description">
<value>The maximum number of messages will be sent per day for 1 account (Enter a number between 1 and 20)
More Info: &lt;a href="http://developers.facebook.com/docs/chat/" target="_blank"&gt;Facebook Chat API&lt;/a&gt;</value>
</key>
<key name="twitter_max_invite_description">
<value>The maximum number of messages will be sent per day for 1 account (Enter a number between 1 and 250)
More Info: &lt;a href="https://support.twitter.com/articles/15364-about-twitter-limits-update-api-dm-and-following" target="_blank"&gt;About Twitter Limits&lt;/a&gt;</value>
</key>
<key name="linkedin_max_invite_description">
<value>The maximum number of messages will be sent per day for 1 account (Enter a number between 1 and 10)
More Info: &lt;a href="http://developer.linkedin.com/documents/throttle-limits" target="_blank"&gt;Throttle Limits&lt;/a&gt;</value>
</key>
<key name="max_invite_validation_error">
<value>Please pick a number between '{$min}' and '{$max}'</value>
</key>
<key name="contactimporter_setting">
<value>Friends Inviter Settings</value>
</key>
<key name="connected_as">
<value>Connected as</value>
</key>
<key name="requires_configuration_message">
<value>&lt;a href="{$settingsUrl}"&gt;Social Bridge&lt;/a&gt; requires configuration</value>
</key>
<key name="menu_item_stream-settings">
<value>Social Stream Settings</value>
</key>
<key name="menu_item_publisher-settings">
<value>Social Publisher Settings</value>
</key>
<key name="auth_group_label">
<value>Social Bridge</value>
</key>
</prefix>
