<?xml version="1.0" encoding="utf-8"?>
<prefix name="map" label="Map" language_tag="pl-PL" language_label="Polski"><key name="admin_dept_heading"><value>Map Pro</value></key><key name="admin_dept_title"><value>Map Pro</value></key><key name="admin_disable_fanpagetab"><value>Wyłącz zakładkę FANPAGE</value></key><key name="admin_disable_shoptab"><value>Wyłącz zakładkę SKLEP</value></key><key name="cancel"><value>Anuluj</value></key><key name="categories"><value>Kategorie</value></key><key name="check_fordelete_image"><value>Skasuj zdjęcie</value></key><key name="deleted_succedfull"><value>Skasowano pomyślnie.</value></key><key name="delete_marker"><value>Skasuj ten Marker</value></key><key name="edit_marker"><value>Edytuj ten marker</value></key><key name="enter_latitude"><value>Podaj Szerokość</value></key><key name="enter_longitude"><value>Podaj Długość</value></key><key name="enter_marker_info"><value>Wpisz opis Markera</value></key><key name="enter_marker_title"><value>Wpisz tytuł Markera</value></key><key name="lan"><value>Szerokość</value></key><key name="lat"><value>Sługość</value></key><key name="loading_pleasewait"><value>Wczytywanie...</value></key><key name="main_menu_item"><value>Mapa</value></key><key name="mapdescription"><value>Opis Markera</value></key><key name="map_zoom"><value>Powięszenie</value></key><key name="markernotfound"><value>Nie znaleziono Markera</value></key><key name="markertitle"><value>Tytuł Markera</value></key><key name="more"><value>Więcej</value></key><key name="no"><value>NIE</value></key><key name="now_youareeditingthis"><value>Teraz edytujesz ten marker</value></key><key name="no_title"><value>Brak tytułu</value></key><key name="perpage"><value>Ile pozycji na stronie</value></key><key name="save"><value>Zapisz</value></key><key name="saved_succedfull"><value>Zapisano pomyślnie!</value></key><key name="search"><value>Szukaj</value></key><key name="search_addres_bygoogle"><value>Szukaj na Google Map</value></key><key name="search_fraze_nofound"><value>Nie znaleziono wyników według podanych kryterji</value></key><key name="search_onthemap"><value>Szukaj Markera</value></key><key name="select_category"><value>Wybierz Kategorię</value></key><key name="select_default_image"><value>Ustaw jako domyślne</value></key><key name="sel_category"><value>Karegoria</value></key><key name="ta_admin_edit_markers"><value>ADMIN - Edycja merkerów</value></key><key name="ta_editposition"><value>Edycja Twojej POzycji</value></key><key name="ta_edityourmarkers"><value>Edytuj Twój Marker</value></key><key name="ta_fanpage"><value>FanPage</value></key><key name="ta_map"><value>Mapa</value></key><key name="ta_marker_zoom"><value>Marker - szczegóły</value></key><key name="ta_shop"><value>Sklep</value></key><key name="traffic_button"><value>Ruch</value></key><key name="traffic_notavaiable"><value>Brak danych</value></key><key name="traffic_perhour"><value>na godz.</value></key><key name="update"><value>Aktualizuj Marker</value></key><key name="yes"><value>TAK</value></key><key name="zoom"><value>Powiększenie</value></key><key name="woutcategories"><value>Bez kategorii</value></key><key name="ta_news"><value>Artykuły</value></key><key name="cname"><value>Nazwa Kategorii</value></key><key name="cactive"><value>Aktywna</value></key><key name="cdelete"><value>Skasuj</value></key><key name="cadd_new"><value>Dodaj nową kategorię</value></key><key name="ta_category"><value>Kategoria</value></key><key name="seach_by_category"><value>Szukaj według Kategorii</value></key><key name="now_you_are_seach_by_keyword"><value>Szukanie według kategorii jest wyłaczone. Aktualnie szukasz wyrażenia</value></key><key name="togglefullscreenview"><value>Przełącz pomiędzy pełnym/normalnym wyglądem</value></key><key name="fillscreen"><value>Pełen Ekran</value></key><key name="filtercategory"><value>Filtruj kategorie</value></key><key name="numberoffound"><value>Liczba znalezionych</value></key>
<key name="admin_shwo_owneronthemap"><value>Pokaż właściciela na mapie</value></key>
<key name="support_mobile_app"><value>Włącz wsparcie dla aplikacji mbilnej (Musisz mieć aplikacje mobilna dla Andoida)</value></key>
<key name="setup_mobile_app"><value>Ustawienia mobilnej mapy</value></key>
<key name="mobile_map_setting"><value>Ustawienia mapy mobilnej</value></key>
<key name="setting"><value>Ustawienia</value></key>
<key name="active_your_mobile_map"><value>Ustaw jako Akrywną aplikację mobilną</value></key>
<key name="secret_password_one"><value>Hasło 1</value></key>
<key name="secret_password_two"><value>Hasło 2</value></key>
<key name="mobile_info"><value>UWAGA! Po zainstalowaniu aplikacji na twoim telefonie, przejdź do konfiguracji i ustaw takie sam Hasło1 oraz Hasło2. Po każdej zmianie Hasła1 lib Hasła2, musisz także zmienić je w swoim telefonie!</value></key>
<key name="mobile_info_admin"><value>UWWAGA! Jak masz już aplikację na Androida to: 1) Zmień jej nazwę na: map_mobile.apk. 2) Wgraj plik do na twoim serwerze do katalogu: ..../ow_plugins/map/map_mobile.apk</value></key>
<key name="status_application"><value>STATUS APLIKACJI MOBILNEJ</value></key>
<key name="you_have_appication"><value>OK! aplikacja jest poprawnie wgrana</value></key>
<key name="you_dont_have_application"><value>PROBLEM! nie masz aplikacji lub nie jest wgrana poprawnie na serwer</value></key>
<key name="admin_disable_newstab"><value>Wyłącz zakłądki aktualności</value></key>
<key name="download_application_mobile"><value>POBIERZ MOBILNA APLIKACJĘ - (dla systemu Android)</value></key>
<key name="you_dont_have_position_yet"><value>nie wysłałeś jeszcze żadnych danych o swojej pozycji...</value></key>
<key name="loading"><value>Wczytywanie..</value></key>
</prefix>
