<?xml version="1.0" encoding="utf-8"?>
<prefix name="ocsbillingicepay" label="Icepay Billing" language_tag="en" language_label="English"><key name="account_settings"><value>Merchant account settings</value></key><key name="btn_save"><value>Save</value></key><key name="config_page_heading"><value>Icepay Billing Configuration</value></key><key name="encryption_code"><value>Encryption code</value></key><key name="gateway_title"><value>Icepay Billing</value></key><key name="merchant_id"><value>Merchant ID</value></key><key name="not_available"><value>not available</value></key><key name="plugin_configuration_notice"><value>&lt;a href="{$url}"&gt;Icepay Billing plugin&lt;/a&gt; should be configured to work properly</value></key><key name="recurring_supported"><value>Recurring payments</value></key><key name="settings_updated"><value>Settings were updated</value></key><key name="supported_currencies"><value>Supported currencies</value></key></prefix>
