<?xml version="1.0" encoding="utf-8"?>
<prefix name="yncontactimporter" label="Friends Inviter" language_tag="en" language_label="English">
<key name="view_all_providers">
<value>View all providers</value>
</key>
<key name="view_more">
<value>View more &#187;</value>
</key>
<key name="widget_title">
<value>Friends Inviter</value>
</key>
<key name="authorization">
<value>Authorization</value>
</key>
<key name="social_require">
<value>{$provider} requires the authorization to access and get contacts from your account.</value>
</key>
<key name="email_login">
<value>Login to access and get {$provider} contacts from your account.</value>
</key>
<key name="yes">
<value>Yes</value>
</key>
<key name="no">
<value>No</value>
</key>
<key name="login_username">
<value>Username</value>
</key>
<key name="login_email">
<value>Email</value>
</key>
<key name="email">
<value>Email</value>
</key>
<key name="login_password">
<value>Password</value>
</key>
<key name="submit_btn_label">
<value>Import Contacts</value>
</key>
<key name="import_your_contacts">
<value>Import Your Contacts</value>
</key>
<key name="login_fail">
<value>Login failed. Please check the email and password you have provided and try again!</value>
</key>
<key name="import_your_contacts">
<value>Import Your Contacts</value>
</key>
<key name="import_your_contacts">
<value>Import Your Contacts</value>
</key>
<key name="login_sucessfully">
<value>Login successfully, please wait ...</value>
</key>
<key name="friends_inviter">
<value>Friends Inviter</value>
</key>
<key name="invite_friends">
<value>Invite Friends</value>
</key>
<key name="email_queue_invites">
<value>Queue Emails</value>
</key>
<key name="message_queue_invites">
<value>Queue Messages</value>
</key>
<key name="pending_invitations">
<value>Pending Invitations</value>
</key>
<key name="page_heading">
<value>Invite Your Friends</value>
</key>
<key name="upload_csv_file">
<value>Upload CSV/VCF file</value>
</key>
<key name="custom_invite">
<value>Send a Custom Invitation Link</value>
</key>
<key name="custom_invite_description">
<value>Send friends your custom invitation link by copy and pasting it into your own email application. When your friend joins:</value>
</key>
<key name="no_contact">
<value>There's no contact in your account yet.</value>
</key>
<key name="contact_page">
<value>{$start}-{$end} of {$total} contacts</value>
</key>
<key name="contacts">
<value>contacts</value>
</key>
<key name="found">
<value>Found</value>
</key>
<key name="name">
<value>Name</value>
</key>
<key name="go">
<value>Go</value>
</key>
<key name="total_contacts">
<value>&lt;b&gt;Total:&lt;/b&gt; &lt;b&gt;{$count}&lt;/b&gt; contacts</value>
</key>
<key name="pages">
<value>Pages: </value>
</key>
<key name="warning_max_invite">
<value>You have reach of limit invitation.\nYou only can send {$max} invitations.\nPlease contact admin to get more information.</value>
</key>
<key name="no_contact_search">
<value>No contacts</value>
</key>
<key name="no_email_search">
<value>No emails</value>
</key>
<key name="heading_contacts">
<value>Your contacts from {$service}</value> 
</key>
<key name="selected_fail">
<value>Authorization failed. Please choose a provider and try again!</value> 
</key>
<key name="invite_description">
<value>The following people have not joined yet, please select to send invitations</value>
</key>
<key name="you_can_send_invitation">
<value>*You can send {$maxInvitePerTime} invitations per times</value>
</key>
<key name="invitation_allow_per_day">
<value>Number of invitation allowed per day: {$maxInvite}</value>
</key>
<key name="invitation_sent_so_far">
<value>Number of invitation sent so far: {$totalInvited}</value>
</key>
<key name="warning_invitation">
<value>If number of invitation sent larger than {$maxInvite} all remaining invitations will be sent tomorrow</value>
</key>
<key name="skip">
<value>Skip</value>
</key>
<key name="custom_message">
<value>Custom message</value>
</key>
<key name="send_invitation">
<value>Send Invitation</value>
</key>
<key name="total_contact_selected">
<value>Contacts selected</value>
</key>
<key name="no_contacts_selected">
<value>No contacts were selected.</value>
</key>
<key name="invite_successfully">
<value>Invitation successfully!</value>
</key>
<key name="invite_failed">
<value>Invitation failed. Please try again!</value>
</key>
<key name="sending_request">
<value>Sending invitation, please wait ...</value>
</key>
<key name="invite_subject">
<value>You have received an invitation to join our social network.</value>
</key>
<key name="invite_message">
<value>Message</value>
</key>
<key name="invite_body">
<value>You have been invited by {$sender} to join our social network. To join, please follow the link: {$link}</value>
</key>
<key name="mail_email_invite_subject">
<value>{$inviter} invites you to {$siteName}</value>
</key>
<key name="mail_email_invite_msg_html">
<value>&lt;p&gt;Hi,&lt;/p&gt;&#13;
&lt;p&gt;User &lt;b&gt;{$inviter}&lt;/b&gt; invites you to check out this site:&lt;/p&gt;&#13;
&lt;p&gt;&lt;a href="{$siteInviteURL}"&gt;{$siteName}&lt;/a&gt;&lt;/p&gt;&#13;
&lt;p&gt;The user left the following comment:&lt;/p&gt; &#13;
&lt;p&gt;{$customMessage}&lt;/p&gt;</value>
</key>
<key name="mail_email_invite_msg_txt">
<value>Hi,&#13;
&#13;
User {$inviter} invites you to check out this site:&#13;
&#13;
{$siteName} {$siteInviteURL}&#13;
&#13;
The user left the following comment: {$customMessage}</value>
</key>
<key name="invite_time">
<value>Invite Time</value>
</key>
<key name="options">
<value>Options</value>
</key>
<key name="select_all">
<value>Select/Deselect all</value>
</key>
<key name="delete">
<value>Delete</value>
</key>
<key name="delete_selected">
<value>Delete Selected</value>
</key>
<key name="confirm_delete_selected">
<value>Are you sure you want to delete selected contacts?</value>
</key>
<key name="confirm_delete_contact">
<value>Are you sure you want to delete this contact?</value>
</key>
<key name="add_description">
<value>The following people are not your friends yet, please select to add connections</value>
</key>
<key name="add_connection">
<value>Add Connection</value>
</key>
<key name="save_btn_label">
<value>Save Changes</value>
</key>
<key name="widget_providers_count">
<value>Providers to show</value>
</key>
<key name="global_settings">
<value>Global Settings</value>
</key>
<key name="settings_contact_per_page">
<value>Contacts Per Page</value>
</key>
<key name="settings_max_invite_per_times">
<value>Maximum Invitation Per Times</value>
</key>
<key name="settings_default_invite_message">
<value>Default Invitation Message</value>
</key>
<key name="admin_yncontactimporter_heading">
<value>Friends Inviter Plugin</value>
</key>
<key name="management_providers">
<value>Management Providers</value>
</key>
<key name="description_max_contacts_per_page">
<value>Enter the maximum number of allowed contacts per page. The field must contain an integer between 1 and 999.</value>
</key>
<key name="description_max_invite_per_times">
<value>Enter the maximum number of allowed invitations per times. The field must contain an integer between 1 and 999.</value>
</key>
<key name="max_validation_error">
<value>Please pick a number between '{$min}' and '{$max}'</value>
</key>
<key name="settings_updated">
<value>Global Settings Updated</value>
</key>
<key name="enabled">
<value>enabled</value>
</key>
<key name="disabled">
<value>disabled</value>
</key>
<key name="enabled_disabled">
<value>Enabled/Disabled</value>
</key>
<key name="provider_title">
<value>Provider Title</value>
</key>
<key name="provider">
<value>Provider</value>
</key>
<key name="order">
<value>Order</value>
</key>
<key name="edit">
<value>edit</value>
</key>
<key name="logo">
<value>Logo</value>
</key>
<key name="edit_provider">
<value>Edit Provider</value>
</key>
<key name="edit_provider_discription">
<value>You can change the details of this provider here.</value>
</key>
<key name="provider_updated">
<value>Provider Updated</value>
</key>
<key name="logo_size">
<value>Widget logo size</value>
</key>
<key name="logo_size_desc">
<value>The logo size to display on widget</value>
</key>
<key name="auth_group_label">
<value>Friends Inviter</value>
</key>
<key name="auth_action_label_invite">
<value>Invite Friends</value>
</key>
<key name = "meta_title_invite_import">
<value>Invite friends - {$site_name}</value>
</key>
<key name = "meta_title_invite_queue_email">
<value>Pending emails - {$site_name}</value>
</key>
<key name = "meta_title_invite_queue_message">
<value>Pending messages - {$site_name}</value>
</key>
<key name = "meta_description_invite_import">
<value>With Friends Inviter plugin, users can access to visitors address books to invite them to connect in all major email providers and social networks around the world.</value>
</key>
<key name = "emails">
<value>emails</value>
</key>
<key name = "meta_title_invite_pending_invitation">
<value>Pending invitations - {$site_name}</value>
</key>
<key name = "message_resend_completed">
<value>The invitation email was resent successfully.</value>
</key>
<key name = "message_delete_completed">
<value>The invitation was deleted successfully.</value>
</key>
<key name = "message_resend_completed">
<value>The invitation email was resent successfully.</value>
</key>
<key name = "resend_selected">
<value>Resend Selected</value>
</key>
<key name = "resend">
<value>Resend</value>
</key>
<key name = "top_inviters">
<value>Top inviters</value>
</key>
<key name = "statistics">
<value>Statistics</value>
</key>
<key name = "remaining_invitations">
<value>Remaining invitations</value>
</key>
<key name = "total_sent_invitations">
<value>Total sent invitations</value>
</key>
<key name = "total_friends_joined">
<value>Total friends joined</value>
</key>
</prefix>
