<?xml version="1.0" encoding="utf-8"?>
<prefix name="startpage" label="Start Page" language_tag="fr-FR" language_label="Français"><key name="account_type"><value>Type de compte</value></key><key name="action_blog-post"><value>Ajouter nouveau post sur ​​le blog</value></key><key name="action_other"><value>Activité de l'utilisateur</value></key><key name="action_user-status"><value>Changement de statut de l'utilisateur</value></key><key name="admin_background_cart_color"><value>Couleur de fond de la boîte</value></key><key name="admin_border_cart_color"><value>Couleur de bordure de la boîte</value></key><key name="admin_deptx_heading"><value>Configuration de la page de démarrage</value></key><key name="admin_deptx_title"><value>Configuration de la page de démarrage</value></key><key name="admin_dept_heading"><value>Configuration de la page de démarrage</value></key><key name="admin_dept_title"><value>Configuration de la page de démarrage</value></key><key name="allow_upload_avatar"><value>Autoriser le téléchargement d'Avatar</value></key><key name="change_self_status"><value>Changer de statut</value></key><key name="close"><value>Fermer</value></key><key name="content_center_column"><value>Face Mauritanie vous permet de vous connecter avec d'autres personnes et de partager avec eux les informations de la Mauritanie et du Monde ...</value></key><key name="curent_theme"><value>Sélectionnez un Thème</value></key><key name="custom_html_widget_page_menu"><value>Page de démarrage</value></key><key name="default_slogan"><value>Pour une nouvelle Mauritanie, rejoignez le réseaux de la Jeunesse Consciente !</value></key><key name="default_slogan_desc"><value>Rejoignez le premier réseaux de la communauté Mauritanienne se faire de nouveaux amis tous les jours.</value></key><key name="default_status_offline"><value>Déconnecté</value></key><key name="default_status_online"><value>Page de démarrage</value></key><key name="delete_image"><value>Supprimer l'image</value></key><key name="disable_startpage"><value>Désactiver la page de démarrage</value></key><key name="edit_content"><value>Contenu</value></key><key name="edit_external_url"><value>Lien externe</value></key><key name="edit_title"><value>Titre</value></key><key name="email"><value>Adresse e-mail</value></key><key name="error_connection"><value>Erreur de connexion au serveur. S'il vous plaît essayer de nouveau après un certain temps</value></key><key name="error_create_account_tryagain"><value>Erreur lors de la création de compte. Réessayez plus tard ...</value></key><key name="error_email"><value>Entrez une adresse e-mail valide</value></key><key name="error_email_already_exist"><value>Adresse email existe déjà !</value></key><key name="error_login_already_exist"><value>Nom d’utilisateur existe déjà !</value></key><key name="error_passmisma"><value>Le mot de passe répété est incompatible</value></key><key name="error_passretype"><value>Confirmer mot de passe!</value></key><key name="error_passwordl"><value>Le mot de passe doit être &gt;5 caractères</value></key><key name="error_select_file"><value>Vous devez sélectionner le fichier à télécharger!</value></key><key name="error_uname"><value>Nom d'utilisateur doit être &gt;4 caractères</value></key><key name="error_uploadavatar"><value>Vous devez télécharger un Avatar</value></key><key name="force_for_guest"><value>Forcer la visibilité des invités</value></key><key name="friends_online"><value>Amis en ligne</value></key><key name="hide_accouttype"><value>Cacher le type de compte</value></key><key name="index"><value>Acceuil</value></key><key name="index_page_heading"><value>Page de démarrage</value></key><key name="index_page_title"><value>Page de démarrage</value></key><key name="info_slogan"><value>Laisser complètement vide, il affiche le texte de traductions. Entrez le texte, puis il sera affiché pour tous (indépendamment de la langue et de traduction)</value></key><key name="login"><value>Déjà inscrit ! Connectez vous ICI</value></key><key name="logo_margin_left"><value>Marges gauche des logos</value></key><key name="main_menu_addpage"><value>Ajouter une nouvelle page</value></key><key name="main_menu_item"><value>Page de démarrage</value></key><key name="more"><value>Plus</value></key><key name="no"><value>NON</value></key><key name="password"><value>Mot de passe</value></key><key name="password_retype"><value>Retaper le mot de passe</value></key><key name="problem_with_accout_type"><value>ERREUR: problème avec le type de compte</value></key><key name="register"><value>Confirmer votre Inscription</value></key><key name="register_title"><value>Inscription</value></key><key name="save_status"><value>Enregistrer</value></key><key name="select_avatar"><value>Sélectionnez votre photo de profile</value></key><key name="show_online_maxitems"><value>Combien de connecté à montrer dans le Widget?</value></key><key name="show_online_only_friends"><value>Voir seulement les amis en ligne</value></key><key name="show_profile_inwidget_online"><value>Montrez votre profil en ligne dans le Widget</value></key><key name="show_small_online_list"><value>Afficher petite liste en ligne</value></key><key name="status_ago"><value>Il y a de cela</value></key><key name="status_ago_day"><value>Jour</value></key><key name="status_ago_days"><value>Jours</value></key><key name="status_ago_decade"><value>Décennie</value></key><key name="status_ago_decades"><value>Décennies</value></key><key name="status_ago_hour"><value>Heure</value></key><key name="status_ago_hours"><value>Heures</value></key><key name="status_ago_many_s"><value>s</value></key><key name="status_ago_minute"><value>Minute</value></key><key name="status_ago_minuts"><value>Minutes</value></key><key name="status_ago_month"><value>Mois</value></key><key name="status_ago_months"><value>Mois</value></key><key name="status_ago_second"><value>Seconde</value></key><key name="status_ago_seconds"><value>Secondes</value></key><key name="status_ago_week"><value>Semaine</value></key><key name="status_ago_weeks"><value>Semaines</value></key><key name="status_ago_year"><value>Année</value></key><key name="status_ago_years"><value>Années</value></key><key name="status_online_absent"><value>Absent</value></key><key name="status_online_chat"><value>Chat</value></key><key name="status_online_notdisturb"><value>Ne pas déranger</value></key><key name="status_online_notime"><value>Occupé</value></key><key name="status_online_rightback"><value>De retour</value></key><key name="status_was_changed"><value>Enregistré avec succès</value></key><key name="ta_newsfeed"><value>Informations</value></key><key name="ta_photo"><value>Photo</value></key><key name="ta_shop"><value>Boutique</value></key><key name="theme_center_column"><value>Le contenu de la colonne centrale</value></key><key name="theme_header_backgroundcolor"><value>Couleur de fond de l'entête [# ff0000, # 00FF00, # 0000ff]</value></key><key name="theme_header_height"><value>Hauteur de l'entête [en: px]</value></key><key name="theme_header_width"><value>Largeur de l'entête [en: px ou%]</value></key><key name="theme_image_cover"><value>Image de couverture</value></key><key name="theme_image_top"><value>Image ou logo dans l'entête</value></key><key name="theme_seo_desc"><value>Description du SEO</value></key><key name="theme_seo_keywords"><value>Mot-clé du SEO</value></key><key name="theme_seo_title"><value>Titre du SEO</value></key><key name="theme_slogan"><value>Slogan</value></key><key name="theme_slogan_desc"><value>Description du Slogan</value></key><key name="upload_avatar"><value>Validez la photo</value></key><key name="username"><value>Nom d'utilisateur</value></key><key name="widget_default_title"><value>En ligne</value></key><key name="widget_profile_title_yourstatusonline"><value>Statut En ligne</value></key><key name="yes"><value>OUI</value></key></prefix>
