<?xml version="1.0" encoding="utf-8"?>
<prefix name="billingpaypal" label="PayPal" language_tag="en" language_label="English"><key name="account_settings"><value>Merchant account settings</value></key><key name="available"><value>available</value></key><key name="btn_save"><value>Save</value></key><key name="business"><value>Merchant business ID</value></key><key name="config_page_heading"><value>PayPal configuration</value></key><key name="gateway_title"><value>PayPal</value></key><key name="plugin_configuration_notice"><value>&lt;a href="{$url}"&gt;PayPal plugin&lt;/a&gt; requires additional configuration</value></key><key name="recurring_supported"><value>Recurring payments</value></key><key name="sandbox_mode"><value>Sandbox mode</value></key><key name="settings_updated"><value>Settings has been updated</value></key><key name="supported_currencies"><value>Supported currencies</value></key></prefix>
