<?xml version="1.0" encoding="utf-8"?>
<prefix name="startpage" label="Stratpage" language_tag="pl-PL" language_label="Polski"><key name="account_type"><value>Typ konta</value></key><key name="action_blog-post"><value>Dodał nowy post na blogu</value></key><key name="action_other"><value>Aktywność</value></key><key name="action_user-status"><value>Użytkownik zmienił status</value></key><key name="admin_background_cart_color"><value>Kolor tła</value></key><key name="admin_border_cart_color"><value>Kolor ramki</value></key><key name="admin_deptx_heading"><value>Configuracja pluginu Start Page</value></key><key name="admin_deptx_title"><value>Configuracja pluginu Start Page</value></key><key name="admin_dept_heading"><value>Konfiguracja</value></key><key name="admin_dept_title"><value>Konfiguracja</value></key><key name="change_self_status"><value>Zmień status</value></key><key name="close"><value>Zamknij</value></key><key name="content_center_column"><value>Ta strona pomaga Ci kontaktować się z innymi osobami i udostępniać im różne informacje i treści.</value></key><key name="curent_theme"><value>Wybierz Theme</value></key><key name="custom_html_widget_page_menu"><value>Strona Startowa</value></key><key name="default_slogan"><value>Ciesz się swobodą serwisu społecznościowego!</value></key><key name="default_slogan_desc"><value>Dołącz do wielu ludzi i nowych przyjaciół na co dzień.</value></key><key name="default_status_offline"><value>OffLine</value></key><key name="default_status_online"><value>Start Page</value></key><key name="delete_image"><value>Skasuj obraz</value></key><key name="disable_startpage"><value>Wyłącz Stronę Startową</value></key><key name="edit_content"><value>Zawartość Strony</value></key><key name="edit_external_url"><value>Zewnętrzny URL</value></key><key name="edit_title"><value>Tytuł</value></key><key name="email"><value>E-mail</value></key><key name="error_connection"><value>Błąd podczas połączenia z serverem. Proszę spróbować ponownie za jakiś czas</value></key><key name="error_email"><value>Podaj poprawny adres e-mail</value></key><key name="error_passmisma"><value>Powtórzone hasło jest błędne</value></key><key name="error_passretype"><value>Powtórz hasło!</value></key><key name="error_passwordl"><value>Długość hasła musi być większa niż 5 znaków</value></key><key name="error_uname"><value>Login musi mieć więcej niż 4 znaki</value></key><key name="friends_online"><value>Znajomi OnLine</value></key><key name="index_page_heading"><value>Strona Startowa</value></key><key name="index_page_title"><value>Strona Startowa</value></key><key name="login"><value>Logowanie</value></key><key name="main_menu_addpage"><value>Dodaj nową stronę</value></key><key name="main_menu_item"><value>Strony</value></key><key name="more"><value>Więcej</value></key><key name="no"><value>Nie</value></key><key name="password"><value>Hasło</value></key><key name="password_retype"><value>Powtórz hasło</value></key><key name="problem_with_accout_type"><value>ERROR: problem z "Account Type"</value></key><key name="register"><value>Rejestracja</value></key><key name="register_title"><value>Rejestracja</value></key><key name="save_status"><value>Zapisz</value></key><key name="show_online_maxitems"><value>Ilu OnLIne pokazwyać w widgecie?</value></key><key name="show_online_only_friends"><value>Pakazuj OnLIne tylko znajomych</value></key><key name="show_profile_inwidget_online"><value>Pokazuj Twój profil w Widgecie OnLIne</value></key><key name="show_small_online_list"><value>Pokaż małą listę OnLine</value></key><key name="status_ago"><value>temu</value></key><key name="status_ago_day"><value>dzień</value></key><key name="status_ago_days"><value>dni</value></key><key name="status_ago_decade"><value>dekade</value></key><key name="status_ago_decades"><value>dekad</value></key><key name="status_ago_hour"><value>godz</value></key><key name="status_ago_hours"><value>godzin</value></key><key name="status_ago_many_s"><value>s</value></key><key name="status_ago_minute"><value>minute</value></key><key name="status_ago_minuts"><value>minut</value></key><key name="status_ago_month"><value>miesiąc</value></key><key name="status_ago_months"><value>miesięcy</value></key><key name="status_ago_second"><value>sekunde</value></key><key name="status_ago_seconds"><value>sekund</value></key><key name="status_ago_week"><value>tydzień</value></key><key name="status_ago_weeks"><value>tygodni</value></key><key name="status_ago_year"><value>rok</value></key><key name="status_ago_years"><value>lat</value></key><key name="status_online_absent"><value>Nieobecny</value></key><key name="status_online_chat"><value>Chat</value></key><key name="status_online_notdisturb"><value>Nie przeszkadzać</value></key><key name="status_online_notime"><value>Nie mam czasu</value></key><key name="status_online_rightback"><value>Zaraz wracam</value></key><key name="status_was_changed"><value>Zapisano pomślnie</value></key><key name="ta_newsfeed"><value>Aktualności</value></key><key name="ta_photo"><value>Zdjęcia</value></key><key name="ta_shop"><value>Sklep</value></key><key name="theme_center_column"><value>Treść w środkowej kolumnie</value></key><key name="theme_header_backgroundcolor"><value>Nagłówek (kolor tła) [#ff0000, #00ff00, #0000ff]</value></key><key name="theme_header_height"><value>nagłówek wysokość [px]</value></key><key name="theme_header_width"><value>Nagłówek szerokość [px lub %]</value></key><key name="theme_image_cover"><value>Zdjęcie na okładkę</value></key><key name="theme_image_top"><value>Obraz/ Logo w nagłówku</value></key><key name="theme_slogan"><value>Slogan</value></key><key name="theme_slogan_desc"><value>Slogan (opis)</value></key><key name="username"><value>Login</value></key><key name="widget_default_title"><value>OnLine</value></key><key name="widget_profile_title_yourstatusonline"><value>Status OnLine</value></key><key name="yes"><value>Tak</value></key><key name="theme_seo_title"><value>SEO Tytyuł</value></key><key name="theme_seo_keywords"><value>SEO Keywords</value></key><key name="theme_seo_desc"><value>SEO Opis</value></key><key name="force_for_guest"><value>Pokazuj wszystkim niezalogowanym</value></key><key name="error_email_already_exist"><value>E-mail już istnieje!</value></key><key name="error_login_already_exist"><value>Login już istnieje!</value></key><key name="error_create_account_tryagain"><value>Error podcza tworzenia konta. Spróbuj ponownie za jakiś czas...</value></key><key name="hide_accouttype"><value>Ukryj: Account Type</value></key><key name="logo_margin_left"><value>Lewy margines loga</value></key><key name="select_avatar"><value>Wybierz Avatara</value></key><key name="upload_avatar"><value>Wyślij Avatara</value></key><key name="allow_upload_avatar"><value>Pozwól na wgranie Avatara</value></key><key name="error_uploadavatar"><value>Musisz wgrać Avatara</value></key><key name="error_select_file"><value>Musisz wybrać plik do wysłania!</value></key><key name="index"><value>Start</value></key><key name="info_slogan"><value>Pozostaw całkowicie puste, wtedy będzie wyświetlany tekst z tłumaczenia. Wpisz tekst, wówczas będzie on wyświetlany dla wszystkich (niezależnie od języka)</value></key><key name="force_run_signin_onfirstvisit"><value>Wymuś otwarcie apletu Logowania</value></key><key name="skip"><value>Pomiń</value></key><key name="widget_javasctipt_code"><value>Wpisz np. kod widget-u z Facebook-a</value></key></prefix>
