<?xml version="1.0" encoding="utf-8"?>
<prefix name="map" label="Map" language_tag="pl-PL" language_label="Polski"><key name="admin_dept_heading"><value>Map Pro</value></key><key name="admin_dept_title"><value>Map Pro</value></key><key name="admin_disable_fanpagetab"><value>Wyłącz zakładkę FANPAGE</value></key><key name="admin_disable_shoptab"><value>Wyłącz zakładkę SKLEP</value></key><key name="cancel"><value>Anuluj</value></key><key name="categories"><value>Kategorie</value></key><key name="check_fordelete_image"><value>Skasuj zdjęcie</value></key><key name="deleted_succedfull"><value>Skasowano pomyślnie.</value></key><key name="delete_marker"><value>Skasuj ten Marker</value></key><key name="edit_marker"><value>Edytuj ten marker</value></key><key name="enter_latitude"><value>Podaj Szerokość</value></key><key name="enter_longitude"><value>Podaj Długość</value></key><key name="enter_marker_info"><value>Wpisz opis Markera</value></key><key name="enter_marker_title"><value>Wpisz tytuł Markera</value></key><key name="lan"><value>Szerokość</value></key><key name="lat"><value>Sługość</value></key><key name="loading_pleasewait"><value>Wczytywanie...</value></key><key name="main_menu_item"><value>Mapa</value></key><key name="mapdescription"><value>Opis Markera</value></key><key name="map_zoom"><value>Powięszenie</value></key><key name="markernotfound"><value>Nie znaleziono Markera</value></key><key name="markertitle"><value>Tytuł Markera</value></key><key name="more"><value>Więcej</value></key><key name="no"><value>NIE</value></key><key name="now_youareeditingthis"><value>Teraz edytujesz ten marker</value></key><key name="no_title"><value>Brak tytułu</value></key><key name="perpage"><value>Ile pozycji na stronie</value></key><key name="save"><value>Zapisz</value></key><key name="saved_succedfull"><value>Zapisano pomyślnie!</value></key><key name="search"><value>Szukaj</value></key><key name="search_addres_bygoogle"><value>Szukaj na Google Map</value></key><key name="search_fraze_nofound"><value>Nie znaleziono wyników według podanych kryterji</value></key><key name="search_onthemap"><value>Szukaj Markera</value></key><key name="select_category"><value>Wybierz Kategorię</value></key><key name="select_default_image"><value>Ustaw jako domyślne</value></key><key name="sel_category"><value>Karegoria</value></key><key name="ta_admin_edit_markers"><value>ADMIN - Edycja merkerów</value></key><key name="ta_editposition"><value>Edycja Twojej POzycji</value></key><key name="ta_edityourmarkers"><value>Edytuj Twój Marker</value></key><key name="ta_fanpage"><value>FanPage</value></key><key name="ta_map"><value>Mapa</value></key><key name="ta_marker_zoom"><value>Marker - szczegóły</value></key><key name="ta_shop"><value>Sklep</value></key><key name="traffic_button"><value>Ruch</value></key><key name="traffic_notavaiable"><value>Brak danych</value></key><key name="traffic_perhour"><value>na godz.</value></key><key name="update"><value>Aktualizuj Marker</value></key><key name="yes"><value>TAK</value></key><key name="zoom"><value>Powiększenie</value></key><key name="woutcategories"><value>Bez kategorii</value></key></prefix>
