<?xml version="1.0" encoding="utf-8"?>
<prefix name="cacheextreme" label="Cache Extreme" language_tag="en" language_label="English"><key name="admin_heading"><value>Cache Extreme Administration</value></key><key name="adm_menu_about"><value>About</value></key><key name="adm_menu_config"><value>Cleaner</value></key><key name="backendCache_setting_desc"><value>.</value></key><key name="btn_clean"><value>Clean It Up!</value></key><key name="cache_settings"><value>Options</value></key><key name="lblBackendCache"><value>Backend Cache</value></key><key name="lblPluginStatic"><value>Plugins static content</value></key><key name="lblTemplateCache"><value>Template Cache</value></key><key name="lblThemeStatic"><value>Themes static contents</value></key><key name="pluginStatic_setting_desc"><value>.</value></key><key name="settings_updated"><value>Hurray! Cache is cleaned now.</value></key><key name="templateCache_setting_desc"><value>.</value></key><key name="themeStatic_setting_desc"><value>.</value></key></prefix>
