<?xml version="1.0" encoding="utf-8"?>
<prefix name="ivideo" label="Video Uploader" language_tag="en" language_label="English"><key name="added"><value>Added</value></key><key name="admin_add_category"><value>Add Category</value></key><key name="admin_add_category_error"><value>Please retry adding the category</value></key><key name="admin_add_category_success"><value>Category successfully added</value></key><key name="admin_allowed_extension"><value>Allowed Video Extensions</value></key><key name="admin_allowed_extension_desc"><value>Comma separated list of allowed extensions</value></key><key name="admin_allowed_file_size"><value>Maximum Video File Size Allowed (in MB)</value></key><key name="admin_allowed_file_size_desc"><value>Enter the maximum file size that you want your users to upload</value></key><key name="admin_approve"><value>Admin Approval</value></key><key name="admin_approve_message"><value>Uploaded Video will be displayed once the staff approve the same</value></key><key name="admin_category_desc"><value>Category Description</value></key><key name="admin_category_name"><value>Category Name</value></key><key name="admin_category_tab_title"><value>Video Categories</value></key><key name="admin_controlbar_position"><value>Video Playbar Position</value></key><key name="admin_controlbar_position_desc"><value>Position of the video control bar</value></key><key name="admin_file_size_greater"><value>Video size greater than allowed size</value></key><key name="admin_invalid_file"><value>Invalid Upload File</value></key><key name="admin_invalid_number_error"><value>Not a numeric value</value></key><key name="admin_not_allowed_file_type"><value>Select a valid Video file</value></key><key name="admin_no_categories"><value>No categories created. At least one category should be present.</value></key><key name="admin_pending_approval"><value>Pending Approvals</value></key><key name="admin_preview_duration"><value>Video Preview Duration</value></key><key name="admin_preview_duration_desc"><value>Duration of the preview in seconds</value></key><key name="admin_results_per_page"><value>Videos Per Page</value></key><key name="admin_results_per_page_desc"><value>Number of Videos to be listed in every page</value></key><key name="admin_save_settings"><value>Save Settings</value></key><key name="admin_settings_title"><value>Video Uploader Settings</value></key><key name="admin_tab_general_title"><value>General Settings</value></key><key name="admin_upload_video_fail"><value>Video Upload Failed. Please retry again.</value></key><key name="admin_upload_video_ok"><value>Video Successfully Uploaded</value></key><key name="admin_video_approval"><value>Approval Method</value></key><key name="admin_video_approval_desc"><value>Does the uploaded videos need approval or not?</value></key><key name="admin_video_category"><value>Video Category</value></key><key name="admin_video_not_uploaded_error"><value>Please upload a video (Step 1) before proceeding with Step 2</value></key><key name="admin_video_theme"><value>Upload Theme</value></key><key name="admin_video_theme_desc"><value>Theme to be used on upload page</value></key><key name="auth_action_label_add"><value>Upload New Video</value></key><key name="auth_action_label_add_comment"><value>Add Comments to Uploaded Video</value></key><key name="auth_action_label_delete_comment_by_content_owner"><value>Video Owner can Delete Comments</value></key><key name="auth_action_label_view"><value>View Uploaded Videos</value></key><key name="auth_action_label_view_others"><value>View Others Video based on Credits</value></key><key name="auth_group_label"><value>Video Uploader</value></key><key name="auto_approve"><value>Auto Approval</value></key><key name="bar_bottom"><value>Bottom</value></key><key name="bar_none"><value>None</value></key><key name="bar_over"><value>Over</value></key><key name="bar_top"><value>Top</value></key><key name="baseTheme"><value>Base</value></key><key name="browse_featured_videos"><value>Featured Videos Uploaded</value></key><key name="browse_latest_videos"><value>Recently Uploaded Videos</value></key><key name="button_edit_label"><value>Update Video Details</value></key><key name="category"><value>Category</value></key><key name="category_count_label"><value>Videos Count</value></key><key name="category_desc_label"><value>Category Description</value></key><key name="category_name_label"><value>Video Category</value></key><key name="classicTheme"><value>Classic</value></key><key name="confirm_delete"><value>Are you sure you want to delete the uploaded video?</value></key><key name="email_notifications_comment"><value>&lt;a href="{$userUrl}"&gt;{$userName}&lt;/a&gt; commented on your uploaded video: &lt;a href="{$videoUrl}"&gt;{$videoTitle}&lt;/a&gt;</value></key><key name="email_notifications_section_label"><value>Uploaded Videos</value></key><key name="email_notifications_setting_comment"><value>Someone comments on my uploaded video</value></key><key name="fancyTheme"><value>Fancy</value></key><key name="feed_activity_owner_video_string"><value>commented on their uploaded video</value></key><key name="feed_activity_video_string"><value>commented on {$user}'s uploaded video</value></key><key name="feed_activity_video_string_like"><value>liked {$user}'s uploaded video</value></key><key name="feed_content_label"><value>Uploaded Videos</value></key><key name="filesize_error"><value>Invalid File Size Error</value></key><key name="file_unpresent_error"><value>No upload file found</value></key><key name="invalid_extn_error"><value>Invalid Extension</value></key><key name="ivideo_dashboard_index_text"><value>Videos Upload</value></key><key name="ivideo_dashboard_text"><value>Upload Videos</value></key><key name="listTheme"><value>List</value></key><key name="mark_featured"><value>Mark as Featured</value></key><key name="meta_description_video_categories"><value>Browse Uploaded Videos By Categories</value></key><key name="meta_description_video_category"><value>Uploaded Videos in category "{$category}"</value></key><key name="meta_description_video_featured"><value>Best video uploads! Staff picks!</value></key><key name="meta_description_video_latest"><value>Recently uploaded videos</value></key><key name="meta_description_video_tagged"><value>Video uploads by tags: {$topTags}, and others.</value></key><key name="meta_description_video_toprated"><value>Top Rated Video Uploads</value></key><key name="meta_title_user_video"><value>{$displayName}'s videos - {$site_name}</value></key><key name="meta_title_video_categories"><value>Browse uploaded videos by category - {$site_name}</value></key><key name="meta_title_video_category"><value>Videos of category {$category}  - {$site_name}</value></key><key name="meta_title_video_featured"><value>Featured video uploads - {$site_name}</value></key><key name="meta_title_video_latest"><value>Recent uploaded videos - {$site_name}</value></key><key name="meta_title_video_tagged"><value>Browse uploaded videos by tags - {$site_name}</value></key><key name="meta_title_video_tagged_as"><value>'{$tag}' videos - {$site_name}</value></key><key name="meta_title_video_toprated"><value>Top rated video uploads - {$site_name}</value></key><key name="my_video"><value>My Uploaded Videos</value></key><key name="no_videos_message"><value>No videos to list. Upload a video now.</value></key><key name="no_video_found"><value>No Videos Found</value></key><key name="no_vidoes_categories"><value>No categories found or there are no uploaded videos</value></key><key name="page_description_browse_video"><value>Browse Uploaded Videos By Tags - {$site_name}</value></key><key name="page_title_browse_video"><value>Browse Uploaded Videos By Tags</value></key><key name="page_title_video_by"><value>Video by {$user}</value></key><key name="part_upld_error"><value>Partial Upload Error</value></key><key name="privacy_action_view_video"><value>View my uploaded videos</value></key><key name="remove_from_featured"><value>Remove from Featured</value></key><key name="status_changed"><value>Video status changed</value></key><key name="status_not_changed"><value>Video status NOT changed</value></key><key name="tags_desc"><value>Comma-separated</value></key><key name="tags_field_label"><value>Tags</value></key><key name="tag_search"><value>Search By Tags</value></key><key name="tag_search_result"><value>Search Result for the tag</value></key><key name="tb_edit_video"><value>Edit Uploaded Video</value></key><key name="temp_dir_error"><value>No Temp Directory</value></key><key name="temp_write_error"><value>Temp directory write error</value></key><key name="upload_new_video"><value>Upload Video</value></key><key name="upload_step_1"><value>STEP 1 - Upload Video</value></key><key name="upload_step_2"><value>STEP 2 - Save Video</value></key><key name="upload_video_desc"><value>Video Description</value></key><key name="upload_video_file"><value>Select Video to be Uploaded</value></key><key name="upload_video_name"><value>Video Name</value></key><key name="usercredits_action_upload_video"><value>Upload Video</value></key><key name="usercredits_action_view_video"><value>View Uploaded Video</value></key><key name="user_save_success"><value>Settings Saved Successfully</value></key><key name="user_tag_list"><value>Browse by Tag</value></key><key name="user_upload_video"><value>Save Uploaded Video</value></key><key name="video_by"><value>Video by</value></key><key name="video_deleted"><value>Video Deleted</value></key><key name="video_info"><value>Upload Info</value></key><key name="video_not_deleted"><value>Video NOT deleted</value></key><key name="video_updated"><value>Video Successfully Updated</value></key><key name="video_user_upload"><value>Upload Your Videos</value></key><key name="view_category_videos"><value>Categories</value></key><key name="view_featured_videos"><value>Featured</value></key><key name="view_invalid_video_error"><value>You tried to view a video that is not available to view</value></key><key name="view_latest_videos"><value>Recently Uploaded</value></key><key name="view_toprated_videos"><value>Top Rated</value></key></prefix>
