<?xml version="1.0" encoding="utf-8"?>
<prefix name="oaslug" label="OxArt Nice Urls" language_tag="en" language_label="English"><key name="admin_index_heading"><value>Nice URLs Settings</value></key><key name="admin_settings_slugs_txt"><value>URLs hold a specific weight in the search engine rankings and are also a key to page’s keyword presence. Just as the title tag is important in on-site optimization, so are slugs – especially because people also look at the slugs in the search results.</value></key><key name="oaseo_compat_message"><value>There is a conflict between plugins `OxArt Nice Urls` and `OxArt Advanced SEO`, `OxArt Nice Urls` functions are disabled</value></key><key name="slugs_submit_message"><value>Settings saved</value></key><key name="slug_plugins_desc"><value>Select plugins for items of which you would like to activate slugs.</value></key><key name="slug_plugins_label"><value>Available for plugins</value></key><key name="slug_redirect_desc"><value>Enables old slugs redirect. If you edit entity's title/label new slug string will be generated for it's URL. To avoid broken links you should enable this option. It tracks all changes and uses 301 redirect to send request to the actual URL.</value></key><key name="slug_redirect_label"><value>Old slug redirect</value></key><key name="slug_words_desc"><value>The option removes common words like 'a', 'the', 'in' from slug string to improve final URL weight. Enter comma separated list of stop words.</value></key><key name="slug_words_label"><value>URL stopwords</value></key></prefix>
