<?xml version="1.0" encoding="utf-8"?>
<prefix name="usercredits" label="User Credits" language_tag="en" language_label="English"><key name="actions"><value>Actions</value></key><key name="actions_description"><value>Here you can configure what users receive and lose credits for.</value></key><key name="add"><value>Add</value></key><key name="add_pack"><value>Add new pack</value></key><key name="admin_config"><value>User Credits configuration</value></key><key name="auth_group_label"><value>User credits</value></key><key name="buy_credits_page_heading"><value>Buy credits</value></key><key name="choose_pack"><value>Choose credit pack</value></key><key name="credits"><value>Credits</value></key><key name="credits_balance"><value>Credit balance</value></key><key name="credits_granted"><value>Succesfully granted {$amount} credits</value></key><key name="credits_grant_error"><value>Error granting credits</value></key><key name="credit_balance_updated"><value>Credits balance updated</value></key><key name="earning_actions"><value>Receiving credits</value></key><key name="email_notifications_grant_credits"><value>&lt;a href="{$userUrl}"&gt;{$userName}&lt;/a&gt; granted you {$amount} credits. Congratulations!</value></key><key name="email_notifications_section_label"><value>Credits</value></key><key name="email_notifications_setting_grant"><value>Someone grants me credits</value></key><key name="get_credits"><value>Get more credits</value></key><key name="grant"><value>Grant</value></key><key name="grant_amount"><value>Credits to give:</value></key><key name="meta_title_buy_credits"><value>Buy credits - {$site_name}</value></key><key name="my_credits"><value>My credits</value></key><key name="my_credits_quick_link"><value>My Credits</value></key><key name="not_enough_credits"><value>You do not have enough credits to &lt;b&gt;{$actionTitle}&lt;/b&gt;. &lt;a href="{$getCreditsUrl}"&gt;Get more credits&lt;/a&gt;</value></key><key name="no_actions"><value>No actions</value></key><key name="no_packs"><value>No credit packs</value></key><key name="pack"><value>Pack</value></key><key name="packs"><value>Credit packs for purchase</value></key><key name="packs_description"><value>Here you can configure how users purchase credits. Create packs of &lt;b&gt;X&lt;/b&gt; credits for the price of &lt;b&gt;Y&lt;/b&gt;{$default_currency}.</value></key><key name="packs_updated"><value>Packs have been updated</value></key><key name="pack_added"><value>Credit pack has been added</value></key><key name="pack_deleted"><value>Pack has been deleted</value></key><key name="pack_list"><value>Pack list</value></key><key name="pack_title"><value>Credit pack: &lt;b&gt;{$credits}&lt;/b&gt; credits for &lt;b&gt;{$curr} {$price}&lt;/b&gt;.</value></key><key name="price"><value>Price</value></key><key name="price_in_credits"><value>Price in credits</value></key><key name="profile_toolbar_grant"><value>Grant credits</value></key><key name="profile_toolbar_item_credits"><value>Credits ({$credits})</value></key><key name="setup_price_tip"><value>If value is positive credits will be received, if negative - lost</value></key><key name="spending_actions"><value>Losing credits</value></key><key name="tab_actions"><value>Credit rewards</value></key><key name="unset_actions"><value>Setup</value></key></prefix>
