<?xml version="1.0" encoding="utf-8"?>
<prefix name="gphotoviewer" label="GPhotoViewer" language_tag="en" language_label="English"><key name="loading"><value>Loading</value></key><key name="all_photos"><value>All photos</value></key><key name="slideshow"><value>Slideshow</value></key><key name="play"><value>Play</value></key><key name="pause"><value>Pause</value></key><key name="repeat"><value>Repeat</value></key><key name="from"><value>from</value></key><key name="go_photo"><value>Go photo</value></key><key name="download_this_photo"><value>Download this photo</value></key><key name="added"><value>Added</value></key><key name="actions"><value>actions</value></key><key name="admin_config"><value>Photoviewer - Plugin Settings</value></key><key name="admin_menu_general"><value>General</value></key><key name="enable_photo_viewer"><value>Enable Photo Viewer</value></key><key name="can_users_to_download_photos"><value>Can users to download photos</value></key><key name="slideshow_time_per_a_photo"><value>Slideshow time per a photo</value></key></prefix>
