<?xml version="1.0" encoding="utf-8"?>
<prefix name="ynsocialpublisher" label="Social Publisher" language_tag="en" language_label="English"><key name="%s posted %s '%s' on %s"><value>%s posted %s '%s' on %s</value></key><key name="a blog"><value>a blog</value></key><key name="a group"><value>a group</value></key><key name="a link"><value>a link</value></key><key name="a photo"><value>a photo</value></key><key name="a status"><value>a status</value></key><key name="a topic"><value>a topic</value></key><key name="a video"><value>a video</value></key><key name="active"><value>Active</value></key><key name="admin_config"><value>Social Publisher Configuration</value></key><key name="admin_description"><value>This page lists all plugins supported by Social Publisher. You can use this page to monitor the setting for each plugin.</value></key><key name="admin_menu_general"><value>General</value></key><key name="ajax_error"><value>Error!</value></key><key name="ajax_error_providers"><value>Please select at least one provider</value></key><key name="ajax_successful"><value>Published successfully</value></key><key name="an event"><value>an event</value></key><key name="an item"><value>an item</value></key><key name="ask"><value>Ask me everytime</value></key><key name="auto"><value>Auto publish</value></key><key name="blogs"><value>Blogs</value></key><key name="connected_as"><value>Connected as</value></key><key name="description"><value>This page lists all plugins supported by Social Publisher. You can use this page to monitor the setting for each plugin.</value></key><key name="event"><value>Events</value></key><key name="facebook"><value>Facebook</value></key><key name="forum"><value>Forum</value></key><key name="groups"><value>Groups</value></key><key name="header"><value>Choose providers to publish</value></key><key name="linkedin"><value>LinkedIn</value></key><key name="links"><value>Links</value></key><key name="menu_item_publisher-settings"><value>Social Publisher</value></key><key name="newsfeed"><value>Newsfeed</value></key><key name="no"><value>No</value></key><key name="not_ask"><value>Don't ask me again</value></key><key name="options"><value>Options</value></key><key name="photo"><value>Photo</value></key><key name="photo_more_template"><value>%s uploaded %s new photos (and more) to album '%s' on %s</value></key><key name="photo_template"><value>%s uploaded %s new photo(s) to album '%s' on %s</value></key><key name="providers"><value>Publish Providers</value></key><key name="requires_configuration_message"><value>&lt;b&gt;Social Publisher&lt;/b&gt; notices that &lt;b&gt;Social Bridge 1.02 or later&lt;/b&gt; is not installed/active in your site. &lt;b&gt;Facebook, Twitter and LinkedIn&lt;/b&gt; will not be supported if &lt;b&gt;Social Bridge 1.02 or later&lt;/b&gt; is not installed/active. For more information about &lt;b&gt;Social Bridge&lt;/b&gt;, please visit our &lt;a href='http://knowledgebase.younetco.com/2013/06/11/what-is-social-bridge-and-why-do-i-need-it/'&gt;Knowledge Base&lt;/a&gt;.</value></key><key name="save"><value>Save</value></key><key name="settings_updated"><value>Settings updated</value></key><key name="status_title"><value>%s posted %s '%s' on %s</value></key><key name="status_title_empty"><value>%s posted %s on %s</value></key><key name="submit_label"><value>PUBLISH</value></key><key name="twitter"><value>Twitter</value></key><key name="usersetting_warning"><value>There are no plugins you can config right now. Please contact admin for more information.</value></key><key name="video"><value>Video</value></key><key name="yes"><value>Yes</value></key></prefix>
