<?xml version="1.0" encoding="utf-8"?>
<prefix name="ocsfaq" label="FAQ by Oxwall CandyStore" language_tag="en" language_label="English"><key name="add_question"><value>Add question</value></key><key name="admin_page_heading"><value>FAQ Plugin configuration</value></key><key name="answer"><value>Answer</value></key><key name="btn_add_category"><value>Add</value></key><key name="btn_add_question"><value>Add</value></key><key name="btn_save"><value>Save</value></key><key name="categories"><value>Categories</value></key><key name="category"><value>Category</value></key><key name="category_added"><value>Category was added</value></key><key name="category_general"><value>General</value></key><key name="category_updated"><value>Category was updated</value></key><key name="expand_answers"><value>Show answers expanded</value></key><key name="faq"><value>FAQ</value></key><key name="faq_page_heading"><value>{$site_name} Frequently Asked Questions</value></key><key name="is_featured"><value>Featured</value></key><key name="no_categories_added"><value>No categories added</value></key><key name="no_questions"><value>No questions added</value></key><key name="question"><value>Question</value></key><key name="questions"><value>Questions</value></key><key name="question_added"><value>Question added</value></key><key name="question_updated"><value>Question updated</value></key><key name="settings"><value>Settings</value></key><key name="settings_updated"><value>Settings updated</value></key><key name="update_question"><value>Update question</value></key><key name="widget_title"><value>{$site_name} FAQ</value></key></prefix>
