<?xml version="1.0" encoding="utf-8"?>
<prefix name="sitetour" label="Site Tour" language_tag="en" language_label="English"><key name="add_new_blog"><value>Have a story? blog it..</value></key><key name="add_new_events"><value>Know an event? Add it here.</value></key><key name="add_new_group"><value>Create a new group of your choice</value></key><key name="add_new_link"><value>Share your favorite link to others</value></key><key name="add_new_topic"><value>Add new forum post for discussion</value></key><key name="admin_console"><value>Console</value></key><key name="admin_console_title"><value>Site Tour - Admin Console</value></key><key name="admin_execute_sql"><value>Execute SQL</value></key><key name="admin_save_settings"><value>Save Settings</value></key><key name="admin_settings"><value>Settings</value></key><key name="admin_settings_title"><value>Site Tour - Settings for Tour</value></key><key name="admin_steps"><value>Tour Steps</value></key><key name="admin_steps_title"><value>Site Tour - Steps Configurations</value></key><key name="blog-view"><value>Blog View</value></key><key name="blogs"><value>Blogs</value></key><key name="blogs_list"><value>Read all our blog post right here</value></key><key name="blog_actions"><value>Rate &amp; view all other blog archives</value></key><key name="bottom"><value>Bottom</value></key><key name="comment_form"><value>View or put in your valuable comments here for the rest to view</value></key><key name="dashboard"><value>Dashboard</value></key><key name="dashboard_quick_links"><value>Some quick links for your quick action</value></key><key name="disabled"><value>Disabled</value></key><key name="done"><value>Done</value></key><key name="enabled"><value>Enabled</value></key><key name="enable_for_guests"><value>Enable Tour for Guests</value></key><key name="enable_rtl"><value>Enable Right-To-Right(RTL) Language Support</value></key><key name="events"><value>Events</value></key><key name="exit_esc"><value>Exit Tour on Esc key</value></key><key name="exit_overlay_click"><value>Exit Tour on Mouse Click</value></key><key name="featured_members"><value>Featured members are some how are special. Become one soon.</value></key><key name="flag_blog"><value>Got any inappropriate content? Flag them here.</value></key><key name="forum"><value>Forum</value></key><key name="forum_topics"><value>Already available discussion topics are here</value></key><key name="group-view"><value>Group View</value></key><key name="groups"><value>Groups</value></key><key name="groups_list"><value>List of all the groups</value></key><key name="groups_user_list"><value>Members list who are part of this group</value></key><key name="group_invitations"><value>All the group invitations for you from others</value></key><key name="group_toolbar"><value>Toolbar related to group activities</value></key><key name="group_user_invite"><value>Invite your friends to join this group</value></key><key name="guide_color"><value>Color of Guide Section</value></key><key name="guide_pos"><value>Position of Guide Icon from Top&lt;br&gt;( as %)</value></key><key name="index"><value>Index</value></key><key name="index_footer_menu"><value>Few other key links goes here. Don't forget to visit.</value></key><key name="index_mailbox"><value>Communicate with your friends with private messages</value></key><key name="index_main_menu"><value>Our primary menu for quick access across all pages</value></key><key name="index_newsfeed_control"><value>Comment or like on what you feel</value></key><key name="index_notification"><value>Get all your instant notifications here at any time</value></key><key name="index_status"><value>Let the world know what you think</value></key><key name="intro_width"><value>Intro Panel Width &lt;br&gt;(Default: 200px)</value></key><key name="invited_events"><value>Events which you are invited for</value></key><key name="joined_events"><value>Events which you are part of</value></key><key name="keyboard_navigation"><value>Enable Keyboard Navigation</value></key><key name="latest_blogs"><value>Read the latest blogs here</value></key><key name="latest_events"><value>Recent events which you might be interested</value></key><key name="latest_groups"><value>Recently created list of groups</value></key><key name="latest_links"><value>Recently added links</value></key><key name="latest_members"><value>Know who joing our network recently</value></key><key name="latest_photos"><value>Latest photos which are awesome</value></key><key name="latest_videos"><value>Latest Videos to enjoy</value></key><key name="left"><value>Left</value></key><key name="link-view"><value>Link View</value></key><key name="links"><value>Links</value></key><key name="links_toolbar"><value>Key actions to perform on the link. Try now.</value></key><key name="links_vote"><value>Vote on the links - Up or Down</value></key><key name="link_detail"><value>Know more details about the link</value></key><key name="manage_blog"><value>Manage your blog by editing and making it more awesome</value></key><key name="members"><value>Members</value></key><key name="next"><value>Next</value></key><key name="notice_text1"><value>&lt;b&gt;This page is only for advanced users or should be used only under the guidance of the developer as any improper SQL used here might damage your site.&lt;/b&gt;</value></key><key name="online_members"><value>Check who are online at this moment</value></key><key name="page"><value>Tour Page</value></key><key name="page_guide"><value>Page Tour</value></key><key name="page_guide_text"><value>Start our famous tour across the site to understand what we have for you</value></key><key name="past_events"><value>Events which were just went past</value></key><key name="photos"><value>Photos</value></key><key name="photos_list"><value>List of all the photos for you</value></key><key name="popular_blogs"><value>Visit our popular blog entries</value></key><key name="popular_groups"><value>The most popular groups of our network</value></key><key name="popular_links"><value>Popular links which are liked by many</value></key><key name="position"><value>Position of Callout</value></key><key name="prefix_text"><value>Database Table Prefix</value></key><key name="prev"><value>Back</value></key><key name="profile"><value>Profile</value></key><key name="profile_about"><value>All about the user found here</value></key><key name="profile_avatar_console"><value>Profile avatar image is here. Good?</value></key><key name="profile_data"><value>Profile details are seen here</value></key><key name="profile_toolbar"><value>Some thing interesting on the profile. Try them.</value></key><key name="rated_blogs"><value>Top rated bogs goes here</value></key><key name="rated_links"><value>Visit the list of highly rated links</value></key><key name="right"><value>Right</value></key><key name="search_forum"><value>Search the forum for your interest</value></key><key name="search_members"><value>Looking for someone? Search starts here.</value></key><key name="show_bullets"><value>Show Bullets on Tour Steps</value></key><key name="show_buttons"><value>Show Tour Buttons</value></key><key name="show_step_numbers"><value>Show Tour Step Numbers</value></key><key name="skip"><value>Skip</value></key><key name="sql_query"><value>SQL Query to Execute</value></key><key name="status"><value>Status</value></key><key name="tagged_blogs"><value>Searching for a tag? Here it is.</value></key><key name="tagged_links"><value>Links tagged with keywords for quick view</value></key><key name="tagged_photos"><value>Tag the photos and search them quick</value></key><key name="tagged_videos"><value>Search videos quickly with tags</value></key><key name="text"><value>Step Description</value></key><key name="top"><value>Top</value></key><key name="toprated_photos"><value>Another set of top awesome photos</value></key><key name="toprated_videos"><value>Top rated videos are here</value></key><key name="uploaded_videos"><value>Play the videos uploaded and share</value></key><key name="upload_photos"><value>Upload all your photos and feel proud</value></key><key name="upload_video"><value>Add a new video clip embed code</value></key><key name="user_online"><value>This green ball says that the user is online.</value></key><key name="user_save_success"><value>Settings saved successfully</value></key><key name="user_sql_error"><value>Invalid SQL or Syntax Error.</value></key><key name="user_sql_success"><value>SQL executed successfully. {$count} records affected.</value></key><key name="videos"><value>Videos</value></key><key name="your_groups"><value>List the groups that you are part of</value></key></prefix>
