<?xml version="1.0" encoding="utf-8"?>
<prefix name="credits" label="Credits History and Transfer Credits" language_tag="en" language_label="English"><key name="action_label"><value>My Credits : {$credits}</value></key><key name="activity"><value>Activity</value></key><key name="admin_enable_email"><value>Send email notification when users receive credits</value></key><key name="admin_enable_notification"><value>Enable live notification when users receive credits</value></key><key name="admin_enable_pm"><value>Send private message when users receive credits</value></key><key name="admin_save_settings"><value>Save Settings</value></key><key name="admin_settings_title"><value>Credits History &amp; Transfer Credits - Settings</value></key><key name="All History"><value>All History</value></key><key name="auth_action_label_receive"><value>Received Credits</value></key><key name="auth_action_label_send"><value>Send Credits</value></key><key name="auth_group_label"><value>Credits History and Transfer Credits</value></key><key name="available_credits"><value>Your available credits:</value></key><key name="buy_credits"><value>Buy Credits</value></key><key name="credits"><value>Credits</value></key><key name="credits_email_content"><value>Dear {$name}, &lt;br/&gt;&#13;
&lt;a href="{$requester_url}"&gt;{$requester_name}&lt;/a&gt; has sent you {$credits} credits. Thanks him back!!!&lt;br/&gt;&lt;br/&gt;&#13;
Thanks,&lt;br/&gt;&#13;
{$site_name}</value></key><key name="credits_email_subject"><value>You got credits from {$requester_name}</value></key><key name="credits_to_send"><value>Credits to send</value></key><key name="credit_receive_user"><value>Send credits to your eligible friend</value></key><key name="credit_transfer_fail"><value>Not able to transfer credits</value></key><key name="credit_transfer_ok"><value>Credits successfully transferred</value></key><key name="credit_value_error"><value>Value should be numeric and within your available credits starting from 1</value></key><key name="date"><value>Date</value></key><key name="logs_per_page"><value>Number of logs to display per page</value></key><key name="my_credit_log"><value>Credit Logs</value></key><key name="notify_credits_received"><value>{$sender} sent your {$credits} credits</value></key><key name="no_available_credits"><value>You do not have any credits to send. Gain some!!!</value></key><key name="no_credit_logs"><value>No Credit History Logs</value></key><key name="profile_label_send"><value>Send Credits</value></key><key name="received_from_user"><value>Credits Received From</value></key><key name="received_history_log"><value>Received History</value></key><key name="save_sucess_msg"><value>Settings Saved Successfully</value></key><key name="send_credits"><value>Transfer Credits</value></key><key name="send_credits_label"><value>Send Credits to Friend</value></key><key name="send_to_friend"><value>Credits will be sent to</value></key><key name="sent_history_log"><value>Sent History</value></key><key name="sent_to_user"><value>Credits Sent To</value></key><key name="transfer_credits_label"><value>Send Credits to Your Friend</value></key><key name="usercredits_action_receive"><value>Received Credits</value></key><key name="usercredits_action_send"><value>Sent Credits</value></key><key name="view_log_label"><value>View :</value></key><key name="your_credits_label"><value>Your Credit History Log</value></key></prefix>
