<?xml version="1.0" encoding="utf-8"?>
<prefix name="startpage" label="Stratpage" language_tag="en" language_label="English"><key name="account_type"><value>Account type</value></key><key name="action_blog-post"><value>Add new post on blog</value></key><key name="action_other"><value>User activity</value></key><key name="action_user-status"><value>User change status</value></key><key name="admin_background_cart_color"><value>Box background color</value></key><key name="admin_border_cart_color"><value>Box border color</value></key><key name="admin_deptx_heading"><value>Start Page Config</value></key><key name="admin_deptx_title"><value>Start Page Config</value></key><key name="admin_dept_heading"><value>Start Page config</value></key><key name="admin_dept_title"><value>Start Page config</value></key><key name="change_self_status"><value>Change status</value></key><key name="close"><value>Close</value></key><key name="content_center_column"><value>This website helps you connect with other people and share with them the information and content.</value></key><key name="curent_theme"><value>Select Theme</value></key><key name="custom_html_widget_page_menu"><value>Start Page</value></key><key name="default_slogan"><value>Enjoy The Freedom Of Social Network!</value></key><key name="default_slogan_desc"><value>Join a number of people having fun and making new friends every day.</value></key><key name="default_status_offline"><value>OffLine</value></key><key name="default_status_online"><value>Start Page</value></key><key name="delete_image"><value>Delete image</value></key><key name="disable_startpage"><value>Disable Start Page</value></key><key name="edit_content"><value>Content</value></key><key name="edit_external_url"><value>External URL</value></key><key name="edit_title"><value>Title</value></key><key name="email"><value>E-mail</value></key><key name="error_connection"><value>Error connecting to server. Please try again after some time</value></key><key name="error_email"><value>Enter valid e-mail</value></key><key name="error_passmisma"><value>Repeated password is inconsistent</value></key><key name="error_passretype"><value>Retype password!</value></key><key name="error_passwordl"><value>Password length must be &gt;5 chars</value></key><key name="error_uname"><value>Login name must be &gt;4 chars</value></key><key name="friends_online"><value>Friends OnLine</value></key><key name="index_page_heading"><value>Start Page</value></key><key name="index_page_title"><value>Start Page</value></key><key name="login"><value>Login</value></key><key name="main_menu_addpage"><value>Add New Page</value></key><key name="main_menu_item"><value>Start Page</value></key><key name="more"><value>More</value></key><key name="no"><value>No</value></key><key name="password"><value>Password</value></key><key name="password_retype"><value>Retype Password</value></key><key name="problem_with_accout_type"><value>ERROR: problem with Account Type</value></key><key name="register"><value>Register</value></key><key name="register_title"><value>Register</value></key><key name="save_status"><value>Save</value></key><key name="show_online_maxitems"><value>How many Online show in widget?</value></key><key name="show_online_only_friends"><value>Show online only friends</value></key><key name="show_profile_inwidget_online"><value>Show Your profile in widget OnLIne</value></key><key name="show_small_online_list"><value>Show small OnLine list</value></key><key name="status_ago"><value>ago</value></key><key name="status_ago_day"><value>day</value></key><key name="status_ago_days"><value>days</value></key><key name="status_ago_decade"><value>decade</value></key><key name="status_ago_decades"><value>decades</value></key><key name="status_ago_hour"><value>hour</value></key><key name="status_ago_hours"><value>hours</value></key><key name="status_ago_many_s"><value>s</value></key><key name="status_ago_minute"><value>minute</value></key><key name="status_ago_minuts"><value>minutes</value></key><key name="status_ago_month"><value>mounth</value></key><key name="status_ago_months"><value>mounths</value></key><key name="status_ago_second"><value>second</value></key><key name="status_ago_seconds"><value>seconds</value></key><key name="status_ago_week"><value>week</value></key><key name="status_ago_weeks"><value>weeks</value></key><key name="status_ago_year"><value>year</value></key><key name="status_ago_years"><value>years</value></key><key name="status_online_absent"><value>Absent</value></key><key name="status_online_chat"><value>Chat</value></key><key name="status_online_notdisturb"><value>Do not disturb</value></key><key name="status_online_notime"><value>I have no time</value></key><key name="status_online_rightback"><value>Right back</value></key><key name="status_was_changed"><value>Saved successfully</value></key><key name="ta_newsfeed"><value>News</value></key><key name="ta_photo"><value>Photo</value></key><key name="ta_shop"><value>Shop</value></key><key name="theme_center_column"><value>Content in Center Column</value></key><key name="theme_header_backgroundcolor"><value>Header background color [#ff0000, #00ff00, #0000ff]</value></key><key name="theme_header_height"><value>Header height [in: px]</value></key><key name="theme_header_width"><value>Header width [in: px or %]</value></key><key name="theme_image_cover"><value>Cover image</value></key><key name="theme_image_top"><value>Image/Logo in header</value></key><key name="theme_slogan"><value>Slogan</value></key><key name="theme_slogan_desc"><value>Slogan (description)</value></key><key name="username"><value>User name</value></key><key name="widget_default_title"><value>OnLine</value></key><key name="widget_profile_title_yourstatusonline"><value>OnLine status</value></key><key name="yes"><value>Yes</value></key><key name="theme_seo_title"><value>SEO Title</value></key><key name="theme_seo_keywords"><value>SEO Keywords</value></key><key name="theme_seo_desc"><value>SEO Description</value></key><key name="force_for_guest"><value>Force show for Guests</value></key><key name="error_email_already_exist"><value>E-mail already exist!</value></key><key name="error_login_already_exist"><value>Login already exist!</value></key><key name="error_create_account_tryagain"><value>Error while creating account. Try again later...</value></key><key name="hide_accouttype"><value>Hide: Account Type</value></key><key name="logo_margin_left"><value>Left margin logos</value></key><key name="select_avatar"><value>Select Avatar Image</value></key><key name="upload_avatar"><value>Upload Avatar</value></key><key name="allow_upload_avatar"><value>Alow Upload Avatar</value></key><key name="error_uploadavatar"><value>You must upload Avatar</value></key><key name="error_select_file"><value>You must select file to upload!</value></key><key name="index"><value>Home</value></key><key name="info_slogan"><value>Leave a completely empty, then it will display the text from translations. Enter the text, then it will be displayed for all (regardless of language and translations)</value></key><key name="force_run_signin_onfirstvisit"><value>Force open the system applet: Sign In</value></key><key name="skip"><value>Skip</value></key><key name="widget_javasctipt_code"><value>Enter eg. code to Facebook widget</value></key><key name="toptitle"><value>Title splash/login widget</value></key><key name="musername"><value>Real Name</value></key><key name="background_image"><value>Background image</value></key><key name="background_image_pos"><value>Background imge position</value></key><key name="background_color"><value>Background color</value></key><key name="error_muname"><value>Your Name must be>4 chars </value></key><key name="force_hide_homebutton"><value>Hide force Home button</value></key>
<key name="disable_force_imagechache"><value>Disable Force cache images</value></key>
<key name="try_use_mytheme"><value>Try using force My Theme (experimental function)</value></key>
<key name="allow_show_captha_try"><value>Try using Captcha (experimental function)</value></key>
<key name="allow_show_captha"><value>Using Captcha</value></key>
<key name="enterloginandpasswword"><value>Login and Password are Reaquire</value></key>
<key name="index_asguest"><value>Open website as Guest</value></key>
<key name="sex_male"><value>Male</value></key>
<key name="sex_female"><value>Feale</value></key>
<key name="sex_gender"><value>Gender</value></key>
<key name="show_gender"><value>Show gender</value></key>
<key name="forgot_password"><value>Forgot Password</value></key>
<key name="retype_catcha"><value>Retype CAPTCHA</value></key>
<key name="tusingcapthaerror"><value>You must type CAPTCHA!!</value></key>
<key name="username_email"><value>Your E-mail</value></key>
<key name="agree_therm"><value>You must agree to the following points</value></key>
<key name="agree_therm_of_use"><value>I agree to the Terms of use</value></key>
<key name="agree_newsletter"><value>I agree subscribe to newsletter</value></key>
</prefix>
