<?xml version="1.0" encoding="utf-8"?>
<prefix name="billingpayeer" label="Payeer" language_tag="en" language_label="English"><key name="billingpayeer+gateway_title"><value>Payeer.com</value></key><key name="account_settings"><value>Merchant account settings</value></key><key name="btn_save"><value>Save</value></key><key name="config_page_heading"><value>PayEer configuration</value></key><key name="lang"><value>Language</value></key><key name="m_key"><value>Secret Key:</value></key><key name="m_curr"><value>Currency</value></key><key name="m_shop"><value>Shop ID:</value></key><key name="tabNum"><value>Home Tab</value></key></prefix>
