<?xml version="1.0" encoding="utf-8"?>
<prefix name="map" label="Map" language_tag="en" language_label="English"><key name="admin_dept_heading"><value>Map Pro</value></key><key name="admin_dept_title"><value>Map Pro</value></key><key name="admin_disable_fanpagetab"><value>Disable FANPAGE plugin Tab</value></key><key name="admin_disable_shoptab"><value>Disable SHOP plugin Tab</value></key><key name="cancel"><value>Cancel</value></key><key name="categories"><value>Categories</value></key><key name="check_fordelete_image"><value>Delete image</value></key><key name="deleted_succedfull"><value>Deleted was succesfull.</value></key><key name="delete_marker"><value>Delete this Marker</value></key><key name="edit_marker"><value>Edit this Marker</value></key><key name="enter_latitude"><value>Enter Latitude</value></key><key name="enter_longitude"><value>Enter Longitude</value></key><key name="enter_marker_info"><value>Enter Marker info...</value></key><key name="enter_marker_title"><value>Enter Marker Title</value></key><key name="lan"><value>Longitude</value></key><key name="lat"><value>Latitude</value></key><key name="loading_pleasewait"><value>Loading, please wait...</value></key><key name="main_menu_item"><value>Map</value></key><key name="mapdescription"><value>Marker Description</value></key><key name="map_zoom"><value>Zoom</value></key><key name="markernotfound"><value>Marker not found</value></key><key name="markertitle"><value>Marker Title</value></key><key name="more"><value>More</value></key><key name="no"><value>NO</value></key><key name="now_youareeditingthis"><value>Now, You are editing this Marker...</value></key><key name="no_title"><value>No title...</value></key><key name="perpage"><value>Per Page (global)</value></key><key name="save"><value>Save</value></key><key name="saved_succedfull"><value>Saved succesfull!</value></key><key name="search"><value>Search</value></key><key name="search_addres_bygoogle"><value>Search by Google Map</value></key><key name="search_fraze_nofound"><value>Sorry, the search term is not found!</value></key><key name="search_onthemap"><value>Search by Markers</value></key><key name="select_category"><value>Select Category</value></key><key name="select_default_image"><value>Set as defaut image</value></key><key name="sel_category"><value>Category</value></key><key name="ta_admin_edit_markers"><value>ADMIN - Edit All Markers</value></key><key name="ta_editposition"><value>Edit Your Position</value></key><key name="ta_edityourmarkers"><value>Edit Your Markers</value></key><key name="ta_fanpage"><value>FanPage</value></key><key name="ta_map"><value>Map</value></key><key name="ta_marker_zoom"><value>Details Marker</value></key><key name="ta_shop"><value>Shop</value></key><key name="traffic_button"><value>Traffic</value></key><key name="traffic_notavaiable"><value>Not avaiable</value></key><key name="traffic_perhour"><value>per hour</value></key><key name="update"><value>Update Marker</value></key><key name="yes"><value>YES</value></key><key name="zoom"><value>Zoom</value></key><key name="woutcategories"><value>No category</value></key><key name="ta_news"><value>News</value></key><key name="cname"><value>Category Name</value></key><key name="cactive"><value>Active</value></key><key name="cdelete"><value>Delete</value></key><key name="cadd_new"><value>Add new Category</value></key><key name="ta_category"><value>Category</value></key><key name="seach_by_category"><value>Search by Category</value></key><key name="now_you_are_seach_by_keyword"><value>Search by category is off. You are currently searching for</value></key><key name="togglefullscreenview"><value>Toggle full/normal screen view</value></key><key name="fillscreen"><value>Full Screen</value></key><key name="filtercategory"><value>Filter categories</value></key>
<key name="numberoffound"><value>Number of results</value></key>
<key name="admin_shwo_owneronthemap"><value>Show owner on the map</value></key>
<key name="support_mobile_app"><value>Turn On support for mobile application (You must have mobile application for Android OS)</value></key>
<key name="setup_mobile_app"><value>Setup mobile map</value></key>
<key name="mobile_map_setting"><value>Mobile map setting</value></key>
<key name="setting"><value>Setting</value></key>
<key name="active_your_mobile_map"><value>Set Active You mobile application</value></key>
<key name="secret_password_one"><value>Secret 1</value></key>
<key name="secret_password_two"><value>Secret 2</value></key>
<key name="mobile_info"><value>NOTE! After install application on Your mobile (Android OS) go to setting and set Secret1 and Secret2. If You change on this website Secret1 or Secret2, then You must change it on Your mobile!</value></key>
<key name="mobile_info_admin"><value>NOTE! If You have Android application, then: 1) Rename file to: map_mobile.apk. 2) Upload it to your web server at: ..../ow_plugins/map/map_mobile.apk</value></key>
</prefix>
