<?xml version="1.0" encoding="utf-8"?>
<prefix name="membership" label="Membership" language_tag="en" language_label="English"><key name="action"><value>Permissions</value></key><key name="add"><value>Add membership</value></key><key name="add_btn"><value>Add</value></key><key name="add_plan"><value>Add new plan</value></key><key name="add_role"><value>Add role</value></key><key name="admin_menu_browse_users"><value>Browse users by membership</value></key><key name="admin_menu_memberships"><value>Memberships</value></key><key name="admin_menu_subscribe"><value>Subscribe page</value></key><key name="admin_page_heading_memberships"><value>Membership configuration</value></key><key name="admin_page_heading_users_by_membership"><value>Browse users by membership</value></key><key name="checkout"><value>Checkout</value></key><key name="choose_plan"><value>Choose plan</value></key><key name="create_plan"><value>Create at least 1 plan for this membership</value></key><key name="days"><value>days</value></key><key name="delete_selected"><value>Delete selected</value></key><key name="displaying_members"><value>Displaying members with</value></key><key name="expires"><value>Expires</value></key><key name="membership"><value>Membership</value></key><key name="membership_added"><value>Membership has been added</value></key><key name="my_membership"><value>My membership</value></key><key name="no_plans"><value>No plans added</value></key><key name="no_plans_selected"><value>Select at least one plan</value></key><key name="no_types_selected"><value>Select at least one membership</value></key><key name="period"><value>Period</value></key><key name="plans"><value>Plans</value></key><key name="plans_deleted"><value>Plans has been deleted</value></key><key name="plans_updated"><value>Plans has been updated</value></key><key name="plan_added"><value>Plan has been added</value></key><key name="plan_delete_confirm"><value>Are you sure you want to delete selected plans?</value></key><key name="plan_struct"><value>{$period} days - {$price} {$currency}</value></key><key name="plan_struct_recurring"><value>{$price} {$currency} per {$period} days (recurring)</value></key><key name="plugin_configuration_notice"><value>&lt;a href="{$url}"&gt;Paid Membership&lt;/a&gt; plugin should be configured to work properly. &lt;br /&gt;You need to create at least one membership type with at least one plan.</value></key><key name="price"><value>Price</value></key><key name="recurring"><value>Recurring</value></key><key name="select_role"><value>User role for this membership</value></key><key name="show_on_subscribe"><value>Show on subscribe page</value></key><key name="subscribe"><value>Subscribe</value></key><key name="subscribe_page_heading"><value>Subscribe</value></key><key name="types_deleted"><value>Memberships has been deleted</value></key><key name="types_list"><value>Membership list</value></key><key name="type_delete_confirm"><value>Are you sure you want to delete selected memberships?</value></key><key name="type_info"><value>Membership info</value></key><key name="type_updated"><value>Membership has been updated</value></key></prefix>
