<?xml version="1.0" encoding="utf-8"?>
<prefix name="vwls" label="Live Streaming" language_tag="en" language_label="English"><key name="active_in"><value>online in</value></key><key name="added"><value>Added</value></key><key name="adding_denied"><value>Adding to this Live Streaming room is limited to certain users !</value></key><key name="add_new"><value>Add new</value></key><key name="administrator"><value>Administrator</value></key><key name="administrator_desc"><value>User can kick other users.</value></key><key name="admin_config"><value>Live Streaming - Plugin Settings</value></key><key name="admin_menu_general"><value>General</value></key><key name="adsInterval"><value>ads Interval</value></key><key name="adsInterval_desc"><value>Setup adsInterval in milliseconds (0 to disable ad calls)</value></key><key name="adsTimeout"><value>ads Timeout</value></key><key name="adsTimeout_desc"><value>adsTimeout to setup time in milliseconds until first ad is shown</value></key><key name="advanced_camera_settings"><value>Advanced camera settings</value></key><key name="auth_action_label_add"><value>Add video</value></key><key name="auth_action_label_add_comment"><value>Comment video</value></key><key name="auth_action_label_delete_comment_by_content_owner"><value>The content owner can delete comments</value></key><key name="auth_action_label_view"><value>View video</value></key><key name="auth_add_permissions"><value>You can't add video due to limited permissions</value></key><key name="auth_group_label"><value>Live Streaming</value></key><key name="auth_view_permissions"><value>You are not allowed to view video</value></key><key name="auto_view_cameras"><value>Auto view cameras</value></key><key name="auto_view_cameras_desc"><value>Automatically show videos for users in the room in available panels.</value></key><key name="availability"><value>Availability</value></key><key name="availability_desc"><value>Number of days this room will be accessible. Leave 0 to make permanent room.</value></key><key name="background_url"><value>Background URL</value></key><key name="background_url_desc"><value>Background url for room.</value></key><key name="bandwidth"><value>Bandwidth</value></key><key name="bandwidth_desc"><value>Default bandwidth per video stream in bytes per second.</value></key><key name="baseSwf_url"><value>Base swf url</value></key><key name="baseSwf_url_desc"><value>The address of 'ls' folder. Filled automatically and cannot be editable.</value></key><key name="broadcast"><value>[broadcasting]</value></key><key name="broadcasting_settings"><value>Broadcasting</value></key><key name="btn_add"><value>Add</value></key><key name="btn_edit"><value>Save</value></key><key name="bufferFull"><value>BufferFull</value></key><key name="bufferFull2"><value>BufferFull</value></key><key name="bufferFull2_desc"><value>Set bufferFull video/watch parameters</value></key><key name="bufferFullPlayback"><value>BufferFullPlayback</value></key><key name="bufferFull_desc"><value>Set bufferFull broadcasting parameters</value></key><key name="bufferLive"><value>BufferLive</value></key><key name="bufferLive2"><value>BufferLive</value></key><key name="bufferLive2_desc"><value>Set bufferLive video/watch parameters</value></key><key name="bufferLivePlayback"><value>BufferLivePlayback</value></key><key name="bufferLive_desc"><value>Set bufferLive broadcasting parameters</value></key><key name="camera_fps"><value>Camera FPS</value></key><key name="camera_fps_desc"><value>Camera desired mode: frames per second.</value></key><key name="camMaxBandwidth"><value>Maximum Bandwidth</value></key><key name="camMaxBandwidth_desc"><value>Maximum bandwidth per video stream in bytes per second</value></key><key name="clean_up"><value>Clean up</value></key><key name="clean_up_desc"><value>If room is not used for this number of days will be deleted. Leave 0 for no cleanup.</value></key><key name="clips_by"><value>Video by</value></key><key name="clip_added"><value>Video has been added</value></key><key name="clip_deleted"><value>Video deleted</value></key><key name="clip_not_deleted"><value>Video NOT deleted</value></key><key name="clip_updated"><value>Video updated</value></key><key name="cmp_widget_user_video_show_titles"><value>Show video titles</value></key><key name="cmp_widget_video_count"><value>Number of videos to show</value></key><key name="cmp_widget_video_count_msg"><value>Use a number between 1 and 20</value></key><key name="code"><value>Embed code</value></key><key name="code_desc"><value>Use video embed code from resources like Youtube, Metacafe, Google Video and others.</value></key><key name="configure_source"><value>Configure source</value></key><key name="confirm_delete"><value>Are you sure you want to delete video?</value></key><key name="description"><value>Description</value></key><key name="description_desc"><value>Short description of the video</value></key><key name="disableBandwidthDetection"><value>DisableBandwidthDetection</value></key><key name="disableUploadDetection"><value>DisableUploadDetection</value></key><key name="disable_sound"><value>Enable sound</value></key><key name="disable_video"><value>Enable video</value></key><key name="email_notifications_comment"><value>&lt;a href="{$userUrl}"&gt;{$userName}&lt;/a&gt; commented on your video: &lt;a href="{$videoUrl}"&gt;{$videoTitle}&lt;/a&gt;</value></key><key name="email_notifications_section_label"><value>Video</value></key><key name="email_notifications_setting_comment"><value>Someone comments on my video</value></key><key name="enable_chat"><value>Enable chat</value></key><key name="enable_users"><value>Enable users</value></key><key name="enable_video"><value>Enable video</value></key><key name="externalInterval"><value>External Interval</value></key><key name="externalInterval2"><value>External Interval</value></key><key name="externalInterval2_desc"><value>Set externalInterval video/watch. Set 0 or any number lower than 500 to disable</value></key><key name="externalInterval_desc"><value>Set externalInterval broadcasting. Set 0 or any number lower than 500 to disable</value></key><key name="feed_content_label"><value>Video</value></key><key name="file_delete"><value>File delete</value></key><key name="file_upload"><value>File upload</value></key><key name="fill_window"><value>Fill window</value></key><key name="fill_window2"><value>Fill window</value></key><key name="fill_window_desc"><value>Increase panel sizes to fit window if more space is available at startup.</value></key><key name="filter_regex"><value>Filter regex</value></key><key name="filter_replace"><value>Filter replace</value></key><key name="flags"><value>Video</value></key><key name="floodProtection2"><value>FloodProtection</value></key><key name="flood_protection"><value>Flood protection</value></key><key name="flood_protection2"><value>Flood protection</value></key><key name="flood_protection2_desc"><value>Set floodProtection video/watch parameters</value></key><key name="flood_protection_desc"><value>Set floodProtection.</value></key><key name="generateSnapshots"><value>Generate Snapshots</value></key><key name="label_color"><value>Label color</value></key><key name="layout_code"><value>Layout code</value></key><key name="layout_code2"><value>Layout code</value></key><key name="layout_code2_desc"><value>layoutCode for watch/video</value></key><key name="layout_code_desc"><value>Code generated by writing "/videowhisper layout" in chat (contains panel positions and sizes).</value></key><key name="limitByBandwidth"><value>LimitByBandwidth</value></key><key name="mark_featured"><value>Mark as Featured</value></key><key name="member"><value>Who can create rooms?</value></key><key name="member_list"><value>Member list</value></key><key name="member_list_desc"><value>comma separated usernames list</value></key><key name="menu_featured"><value>Featured</value></key><key name="menu_latest"><value>Latest</value></key><key name="menu_online"><value>Online</value></key><key name="menu_tagged"><value>Browse by Tag</value></key><key name="menu_toprated"><value>Top Rated</value></key><key name="meta_description_user_video"><value>Videos submitted by user {$displayName}</value></key><key name="meta_description_user_vwls"><value>Videos submitted by user {$displayName}</value></key><key name="meta_description_video_featured"><value>Best videos at {$site_name}! Staff picks!</value></key><key name="meta_description_video_latest"><value>Recently uploaded videos at {$site_name}.</value></key><key name="meta_description_video_tagged"><value>Videos by tags: {$topTags}, and others.</value></key><key name="meta_description_video_tagged_as"><value>Browse videos tagged as '{$tag}'.</value></key><key name="meta_description_video_toprated"><value>Top rated videos submitted by users at {$site_name}.</value></key><key name="meta_description_video_view"><value>Video called '{$title}', tagged as {$tags}.</value></key><key name="meta_description_vwls_featured"><value>Best videos at {$site_name}! Staff picks!</value></key><key name="meta_description_vwls_latest"><value>Recently uploaded videos at {$site_name}.</value></key><key name="meta_description_vwls_tagged"><value>Videos by tags: {$topTags}, and others.</value></key><key name="meta_description_vwls_tagged_as"><value>Browse videos tagged as '{$tag}'.</value></key><key name="meta_description_vwls_toprated"><value>Top rated videos submitted by users at {$site_name}.</value></key><key name="meta_description_vwls_view"><value>Video called '{$title}', tagged as {$tags}.</value></key><key name="meta_title_user_video"><value>{$displayName}'s videos - {$site_name}</value></key><key name="meta_title_video_add"><value>Add new video</value></key><key name="meta_title_video_featured"><value>Featured videos - {$site_name}</value></key><key name="meta_title_video_latest"><value>Recent channels - {$site_name}</value></key><key name="meta_title_video_tagged"><value>Browse videos by tags - {$site_name}</value></key><key name="meta_title_video_tagged_as"><value>'{$tag}' videos - {$site_name}</value></key><key name="meta_title_video_toprated"><value>Top rated videos - {$site_name}</value></key><key name="meta_title_video_view"><value>{$title} - Video at {$site_name}</value></key><key name="meta_title_vwls_add"><value>Add new video</value></key><key name="meta_title_vwls_featured"><value>Featured videos - {$site_name}</value></key><key name="meta_title_vwls_latest"><value>Recent channels - {$site_name}</value></key><key name="meta_title_vwls_online"><value>Online Live Streaming</value></key><key name="meta_title_vwls_tagged"><value>Browse videos by tags - {$site_name}</value></key><key name="meta_title_vwls_tagged_as"><value>'{$tag}' videos - {$site_name}</value></key><key name="meta_title_vwls_toprated"><value>Top rated videos - {$site_name}</value></key><key name="meta_title_vwls_view"><value>View Live Streaming</value></key><key name="videoCodec"><value>Video Codec</value></key><key name="codecLevel"><value>Codec Level</value></key><key name="codecProfile"><value>Codec Profile</value></key><key name="soundCodec"><value>Sound Codec</value></key><key name="soundQuality"><value>Sound Quality</value></key><key name="microphone_rate"><value>Microphone Rate</value></key><key name="enableRTMP"><value>Enable RTMP</value></key><key name="enableP2P"><value>Enable P2P</value></key><key name="supportRTMP"><value>Support RTMP</value></key><key name="supportP2P"><value>Support P2P</value></key><key name="alwaysRTMP"><value>Always RTMP</value></key><key name="alwaysP2P"><value>Always P2P</value></key><key name="videoCodec_desc"><value>H264 / other value uses default codec</value></key><key name="codecProfile_desc"><value>baseline/main for H264</value></key><key name="codecLevel_desc"><value>1, 1b, 1.1, 1.2, 1.3, 2, 2.1, 2.2, 3, 3.1, 3.2, 4, 4.1, 4.2, 5, 5.1 for H264</value></key><key name="soundCodec_desc"><value>soundCodec</value></key><key name="soundQuality_desc"><value>0-10 for Speex</value></key><key name="microphone_rate_desc"><value>11/22/44 for Nellymoser</value></key><key name="enableRTMP_desc"><value>enableRTMP</value></key><key name="enableP2P_desc"><value>enableP2P</value></key><key name="supportRTMP_desc"><value>supportRTMP</value></key><key name="supportP2P_desc"><value>supportP2P</value></key><key name="alwaysRTMP_desc"><value>alwaysRTMP</value></key><key name="alwaysP2P_desc"><value>alwaysP2P</value></key><key name="moderator_list"><value>Moderator list</value></key><key name="moderator_list_desc"><value>Separate with "," character.</value></key><key name="new_watch"><value>New watch</value></key><key name="no_active_room"><value>No Friends active in Live Streaming</value></key><key name="no_embeds"><value>No embeds</value></key><key name="no_video"><value>No video</value></key><key name="no_video_found"><value>No video found</value></key><key name="no_vwls"><value>No Online Live Streaming</value></key><key name="no_vwls_found"><value>No video found</value></key><key name="offline_message"><value>Offline message</value></key><key name="online_user"><value>Online user</value></key><key name="only_video"><value>Only video</value></key><key name="other_video"><value>Other user videos</value></key><key name="other_vwls"><value>Other Live Streaming</value></key><key name="p2pGroup"><value>P2P Group</value></key><key name="page_title_add_video"><value>Add Video</value></key><key name="page_title_add_vwls"><value>Add Live Streaming</value></key><key name="page_title_browse_video"><value>Browse Videos</value></key><key name="page_title_browse_vwls"><value>Browse Live Streaming</value></key><key name="page_title_video_by"><value>Video by {$user}</value></key><key name="panel_files"><value>Panel files</value></key><key name="panel_rooms"><value>Panel rooms</value></key><key name="panel_users"><value>Panel users</value></key><key name="per_page"><value>Videos per page</value></key><key name="per_page_desc"><value>Browsing lists of videos</value></key><key name="player_size"><value>Main video player size</value></key><key name="privacy_action_view_video"><value>View my video</value></key><key name="private_textchat"><value>Private textchat</value></key><key name="quota"><value>Maximum number of videos per user</value></key><key name="quotas"><value>Quotas</value></key><key name="quota_desc"><value>Keep this number reasonably big</value></key><key name="quota_exceeded"><value>You have exceeded video upload limit: {$limit}</value></key><key name="regular_watch"><value>Regular watch</value></key><key name="remove_from_featured"><value>Remove from Featured</value></key><key name="resolution"><value>Resolution</value></key><key name="resolution_desc"><value>Camera desired mode: resolution.</value></key><key name="resource_not_allowed"><value>Video resource is not allowed</value></key><key name="room_limit"><value>Room limit</value></key><key name="room_name"><value>Room Name</value></key><key name="room_name_desc"><value>Label that will be used to access the room (Max. 22 character). Leave as it is to generate one.</value></key><key name="server"><value>RTMP server</value></key><key name="serverAMF"><value>RTMP AMF</value></key><key name="serverAMF_desc"><value>AMF3: Red5,Wowza,FMIS3,FMIS3.5 &#13;
AMF0: FCS1.5, FMS2 &lt;br /&gt;&#13;
blank for flash default</value></key><key name="serverRTMFP"><value>RTMFP server</value></key><key name="serverRTMFP_desc"><value>RTMFP application address on a rtmfp server</value></key><key name="server_desc"><value>RTMP application address on a rtmp server.</value></key><key name="settings_updated"><value>Video settings updated</value></key><key name="show_camera_settings"><value>Show camera settings</value></key><key name="show_timer"><value>Show timer</value></key><key name="show_timer_desc"><value>Enable time limitations.</value></key><key name="size_desc"><value>This is the size for player displayed on video page</value></key><key name="status"><value>Default addition status</value></key><key name="statusInterval"><value>status Interval</value></key><key name="statusInterval_desc"><value>Define how often status script ls_status.php is called</value></key><key name="status_changed"><value>Video status changed</value></key><key name="status_not_changed"><value>Video status NOT changed</value></key><key name="tags"><value>Tags</value></key><key name="tags_desc"><value>Comma-separated</value></key><key name="tag_search"><value>Tag Search</value></key><key name="tag_search_result"><value>Tag search result for:</value></key><key name="tb_edit_clip"><value>Edit Video</value></key><key name="tb_vwedit_clip_ls"><value>Edit Live Streaming</value></key><key name="title"><value>Title</value></key><key name="tokenKey"><value>Token Key</value></key><key name="total_video"><value>{$total} videos total</value></key><key name="total_vwls"><value>{$total} videos total</value></key><key name="tutorial"><value>Tutorial</value></key><key name="tutorial_desc"><value>Toggle tutorial screen.</value></key><key name="usercredits_action_add_comment"><value>Comment video</value></key><key name="usercredits_action_add_video"><value>Add video</value></key><key name="user_list"><value>User access list</value></key><key name="user_list_desc"><value>Separate with "," character.</value></key><key name="user_vwls_list_widget"><value>Live Streaming</value></key><key name="verbose_level"><value>Verbose level</value></key><key name="verbose_level_desc"><value>At least 'failure' or 'warning/recoverable failure' is recommended to spot any issues.</value></key><key name="video"><value>Video</value></key><key name="video+meta_title_vwls_view"><value>{$title} - Video at {$site_name}</value></key><key name="videoOnly"><value>[just video]</value></key><key name="video_add_tip"><value>We allow to &lt;b&gt;embed existing videos&lt;/b&gt; from other video sharing sites only.</value></key><key name="video_info"><value>Video</value></key><key name="video_list_widget"><value>Video</value></key><key name="view_settings"><value>View Settings</value></key><key name="vwls"><value>Live Streaming</value></key><key name="vwls_info"><value>Information</value></key><key name="vwls_list_widget"><value>Online Live Streaming</value></key><key name="watch"><value>[watch and interact]</value></key><key name="watch_settings"><value>Watch / video</value></key><key name="welcome"><value>Welcome</value></key><key name="welcome2"><value>Welcome</value></key><key name="welcome2_desc"><value>Welcome message displayed when entering room.</value></key><key name="welcome_default"><value>Welcome to live streaming room</value></key><key name="welcome_default2"><value>Welcome to livestreaming room</value></key><key name="welcome_desc"><value>Welcome message displayed when entering room.</value></key><key name="widget_title_dashboard"><value>Live Streaming</value></key><key name="write_text"><value>Write text</value></key><key name="write_text2"><value>Write text</value></key><key name="ws_ads"><value>ws_ads</value></key>
<key name="swf_folder_deleted"><value>The 'ls' folder has been deleted.</value></key><key name="swf_folder_not_copied"><value>Copying 'ls' folder failed !&#13;
You must copy the 'ls' folder to place parallel to the oxwall installation folder.</value></key><key name="swf_folder_not_deleted"><value>Deleting 'ls' folder failed !&#13;
To complete uninstall, you must delete the 'ls' folder in place parallel to the oxwall installation folder.</value></key>
<key name="admin_configuration_required_notification"><value>&lt;a href="{$href}"&gt;RTMP server for Live Streaming &lt;/a&gt; requires configuration</value></key></prefix>
