<?xml version="1.0" encoding="utf-8"?>
<prefix name="attachments" label="Attachments" language_tag="en" language_label="English"><key name="attachments_add_video_label"><value>Add Video</value></key><key name="attachments_cancel_label"><value>Cancel</value></key><key name="attachments_choose_image_label"><value>Choose image</value></key><key name="attachments_close_label"><value>Close</value></key><key name="attachments_delete_photo_button_title"><value>Delete the Photo</value></key><key name="attachments_delete_title"><value>Delete attachment</value></key><key name="attachments_embed_video_inv"><value>If you already have an embed paste it to the area below</value></key><key name="attachments_image_title"><value>Image</value></key><key name="attachments_search_video_inv"><value>Search a video on YouTube</value></key><key name="attachments_select_other_images"><value>Other Images</value></key><key name="attachments_select_other_images_title"><value>Select image</value></key><key name="attachments_take_photo_button"><value>take an instant shot »</value></key><key name="attachments_take_photo_button_title"><value>Take a Photo</value></key><key name="attachments_take_photo_inv"><value>If you have a web-cam, you can also {$takeButton}</value></key><key name="attachments_take_save_label"><value>Save</value></key><key name="attachments_upload_image_inv"><value>Upload an image. We accept &lt;b&gt;JPG&lt;/b&gt;, &lt;b&gt;JPEG&lt;/b&gt;,&lt;b&gt;PNG&lt;/b&gt; and &lt;b&gt;GIF&lt;/b&gt;.</value></key><key name="attachments_upload_save_label"><value>Add Image</value></key><key name="attachments_video_duration"><value>min</value></key><key name="attachments_video_list_more"><value>more</value></key><key name="attachments_video_title"><value>Video</value></key><key name="attacments_yt_no_video"><value>No videos found</value></key><key name="attchments_link_button_label"><value>Add link</value></key><key name="attchments_photo_button_label"><value>Add image</value></key><key name="attchments_video_button_label"><value>Add video</value></key><key name="config_link_share"><value>Links</value></key><key name="config_link_share_desc"><value>Attached links from posts will be automatically added to user's link list</value></key><key name="config_photo_album_name"><value>Album title</value></key><key name="config_photo_album_name_desc"><value>Choose a name for the album where photos from posts will be added.&#13;
&lt;div class="ow_small"&gt;Don't forget to translate the album title to other languages on your site.&lt;/div&gt;</value></key><key name="config_photo_share"><value>Photo</value></key><key name="config_photo_share_desc"><value>Attached photos from posts will be automatically added to user's photo album</value></key><key name="config_save_label"><value>Save</value></key><key name="config_video_share"><value>Video</value></key><key name="config_video_share_desc"><value>Attached videos from posts will be automatically added to user's video list</value></key><key name="content_share_section"><value>Auto-upload settings</value></key><key name="default_photo_album_name"><value>Photos from posts</value></key><key name="heading_configuration"><value>Attachments</value></key><key name="settings_saved_message"><value>Settings have been saved</value></key></prefix>
