<?xml version="1.0" encoding="utf-8"?>
<prefix name="ocsfavorites" label="Favorites" language_tag="en" language_label="English"><key name="added_me"><value>Added Me to Favorites</value></key><key name="add_favorite_button"><value>Add to favorites</value></key><key name="auth_action_label_add_favorite"><value>Add users to favorites</value></key><key name="auth_action_label_view_users"><value>View users who added you to favorites</value></key><key name="auth_group_label"><value>Favorites</value></key><key name="btn_save"><value>Save</value></key><key name="can_view_favorites"><value>Users can view who added them to favorites</value></key><key name="email_notifications_section_label"><value>Favorites</value></key><key name="email_notifications_setting_post"><value>Someone adds you to favorites</value></key><key name="email_notification_post"><value>&lt;a href="{$userUrl}"&gt;{$userName}&lt;/a&gt; has added you to favorites! You can do the same to show your interest.</value></key><key name="email_notification_post_mutual"><value>&lt;a href="{$userUrl}"&gt;{$userName}&lt;/a&gt; has added you to favorites! It seems that you've got a mutual attraction.</value></key><key name="favorites"><value>Favorites</value></key><key name="favorites_list_widget_settings_count"><value>Favorites limit</value></key><key name="favorite_added"><value>User was added to your favorites</value></key><key name="favorite_removed"><value>User is not your favorite anymore</value></key><key name="mutual"><value>Mutual</value></key><key name="mutual_attraction"><value>Mutual attraction</value></key><key name="my"><value>My</value></key><key name="my_favorites"><value>My Favorites</value></key><key name="page_heading_admin"><value>Favorites plugin configuration</value></key><key name="remove_favorite_button"><value>Remove favorite</value></key><key name="remove_from_favorites_confirm"><value>Are you sure you want to delete this user from your favorites?</value></key><key name="settings"><value>Settings</value></key><key name="settings_updated"><value>Settings updated</value></key><key name="signin_required"><value>You need to sign in to add users to favorites</value></key><key name="usercredits_action_add_to_favorites"><value>Add users to favorites</value></key><key name="who_added_me"><value>Added Me</value></key></prefix>
