<?xml version="1.0" encoding="utf-8"?>
<prefix name="billingcredits" label="Payment by User Credits" language_tag="en" language_label="English"><key name="admin_save_settings"><value>Save Settings</value></key><key name="admin_usd_credit_value"><value>Number of Credit points equal to 1 unit of currency (USD, EUR, etc.,)</value></key><key name="admin_usd_credit_value_desc"><value>If value is 1, 1 Credit Points = 1 USD &lt;br/&gt;&#13;
If value is 2, 2 Credit Points =  USD&lt;br/&gt;&#13;
&lt;br/&gt;&#13;
Example: For a value of 2, $100 = 200 Credit Points</value></key><key name="available_credits"><value>Current Available Credit Points</value></key><key name="back_to_item"><value>Insufficient Credit Points. Cancel Order...</value></key><key name="config_page_heading"><value>Payment by User Credits - Settings</value></key><key name="continue"><value>Continue</value></key><key name="gateway_title"><value>Payment by User Credits</value></key><key name="invalid_numeric_format"><value>Should be a valid float value</value></key><key name="item_name"><value>Item Name</value></key><key name="item_price"><value>Item Price</value></key><key name="required_credits_for_payment"><value>Required Credit Points for Payment (rounded-off)</value></key><key name="requires_credits_plugin_message"><value>"Payment by User Credits" plugin requires User Credits plugin to be installed and active</value></key><key name="review_credit_payment"><value>Review your Payment with Credit Points</value></key><key name="usercredits_action_creditsbuy"><value>Payment by Credit Points</value></key><key name="user_save_success"><value>Settings successfully saved</value></key></prefix>
