<?xml version="1.0" encoding="utf-8"?>
<prefix name="ynsocialconnect" label="Social Connect" language_tag="en" language_label="English"><key name="btn_no"><value>No</value></key><key name="btn_save"><value>Save</value></key><key name="btn_synchronize"><value>Synchronize</value></key><key name="btn_update"><value>Update</value></key><key name="h_account_linking"><value>Account Linking</value></key><key name="h_social_connect_plugin"><value>Social Connect Plugin</value></key><key name="h_synchronize_user"><value>Synchronize User</value></key><key name="menu_account_linking"><value>Account Linking</value></key><key name="menu_manage_social_providers"><value>Manage Social Providers</value></key><key name="menu_settings"><value>Settings</value></key><key name="menu_statistics"><value>Statistics</value></key><key name="requires_configuration_message"><value>&lt;b&gt;Social Connect&lt;/b&gt; notices that &lt;b&gt;Social Bridge&lt;/b&gt; is not installed/active in your site. &lt;b&gt;Facebook, Twitter and LinkedIn&lt;/b&gt; will not be supported if &lt;b&gt;Social Bridge&lt;/b&gt; is not installed/active. For more information about &lt;b&gt;Social Bridge&lt;/b&gt;, please visit our &lt;a href='http://knowledgebase.younetco.com/2013/06/11/what-is-social-bridge-and-why-do-i-need-it/'&gt;Knowledge Base&lt;/a&gt;.</value></key><key name="txt_active"><value>Active</value></key><key name="txt_confirm_disconnect_acc_linking"><value>Are you sure you want to delete linking?</value></key><key name="txt_connect_to"><value>Connect to</value></key><key name="txt_disconnect"><value>Disconnect</value></key><key name="txt_global_settings"><value>Global Settings</value></key><key name="txt_global_setting_updated"><value>Global Setting Updated</value></key><key name="txt_limit_provider"><value>Limit providers view on login header</value></key><key name="txt_limit_provider_desc"><value>The number providers can view on login section</value></key><key name="txt_name"><value>Name</value></key><key name="txt_permissions_check_all_selected"><value>Check all | Selected:</value></key><key name="txt_position_provider"><value>Position order</value></key><key name="txt_position_provider_desc"><value>Position order of providers on header at front-end</value></key><key name="txt_provider"><value>Provider</value></key><key name="txt_size_provider"><value>Size of provider icon (px)</value></key><key name="txt_size_provider_desc"><value>Size in pixel of each provider icon on front-end</value></key><key name="txt_sync_question"><value>This email &lt;b&gt;{$email}&lt;/b&gt; already exists. Do you want to synchronize with this account?</value></key><key name="txt_title"><value>Title</value></key><key name="txt_total_login"><value>Total Login</value></key><key name="txt_total_signup"><value>Total Signup</value></key><key name="txt_update_successfully"><value>Update successfully</value></key><key name="txt_userlinking_desc"><value>Link a user's multiple social identities to a single account on your site and provides increased login flexibility on future visits.</value></key>

<key name="user_standard_signup_process"><value>Use Standard Signup Process</value></key>
<key name="user_quick_signup_process"><value>Use Quick Signup Process</value></key>
<key name="signup_mode"><value>SignUp Mode</value></key>
<key name="signup_mode_desc"><value>If you choose "Use Quick Signup Process", you cannot put password and change information.</value></key>
<key name="configure_fields"><value>Configure fields</value></key>
<key name="configuration_fields"><value>Profile Questions Synchronization</value></key>
<key name="txt_options"><value>Options</value></key>
<key name="provider_fields_discription"><value>Set "None" value if you do not need to map {$provider} fields.</value></key>
<key name="fields_to_profile_questions"><value>{$provider} to Profile Questions</value></key>
<key name="save_btn_label"><value>Save Changes</value></key>
</prefix>

