<?xml version="1.0" encoding="utf-8"?>
<prefix name="ocsaffiliates" label="Affiliates" language_tag="en" language_label="English"><key name="2months"><value>Two months</value></key><key name="access_invalid"><value>Email or password is incorrect</value></key><key name="activity_stamp"><value>Activity</value></key><key name="add_banner"><value>Add banner</value></key><key name="admin_page_heading"><value>Affiliates management</value></key><key name="affiliates"><value>Affiliates</value></key><key name="affiliate_area"><value>Affiliate area</value></key><key name="affiliate_info"><value>Affiliate info: {$name}</value></key><key name="affiliate_list"><value>Affiliate list</value></key><key name="affiliate_name"><value>Affiliate name</value></key><key name="affiliate_not_found"><value>There is no affiliate registered with this email address</value></key><key name="affiliate_removed"><value>Affiliate was successfully removed</value></key><key name="affiliate_updated"><value>Affiliate info updated</value></key><key name="agreement_updated"><value>Agreement has been updated</value></key><key name="agree_to_terms"><value>I have read and agree to the &lt;a href="javascript://" id="affiliate-terms-link"&gt;Terms of Service&lt;/a&gt;</value></key><key name="allowed_file_types"><value>Allowed file types: JPEG, GIF, PNG</value></key><key name="allow_banners"><value>Allow uploading custom banners</value></key><key name="already_assigned"><value>User {$username} already assigned to another affiliate</value></key><key name="amount_paid"><value>Amount paid</value></key><key name="assign"><value>assign</value></key><key name="assign_btn"><value>Assign</value></key><key name="assign_to_username"><value>Assign affiliate to user</value></key><key name="balance"><value>Balance</value></key><key name="banners"><value>Banners</value></key><key name="banner_added"><value>Banner was added</value></key><key name="banner_add_error"><value>Banner was not added</value></key><key name="banner_code"><value>Banner code</value></key><key name="banner_deleted"><value>Banner was deleted</value></key><key name="banner_delete_confirm"><value>Are you sure you want to delete banner?</value></key><key name="banner_file_incorrect"><value>Please choose correct banner file</value></key><key name="banner_list"><value>Banner list</value></key><key name="clicks"><value>Clicks</value></key><key name="commission"><value>Commission</value></key><key name="commission_amount"><value>amount</value></key><key name="commission_percent"><value>percent</value></key><key name="commission_rates"><value>Commission rates</value></key><key name="commission_settings"><value>Commission settings</value></key><key name="credits"><value>credits</value></key><key name="dashboard"><value>Dashboard</value></key><key name="date"><value>Date</value></key><key name="date_range"><value>Date range</value></key><key name="delete"><value>Delete</value></key><key name="delete_confirm"><value>Are you sure you want to delete affiliate?</value></key><key name="deposit_credits"><value>Deposit credits to site user</value></key><key name="description"><value>Description</value></key><key name="details"><value>Details</value></key><key name="earnings"><value>Earnings</value></key><key name="earn_with_us"><value>Affiliates - Earn with us!</value></key><key name="edit"><value>Edit</value></key><key name="edit_agreement"><value>Edit agreement</value></key><key name="email"><value>Email</value></key><key name="email_desc"><value>You'll have to verify your email</value></key><key name="email_exists"><value>Affiliate with the same email already exists. You can reset you password in case you forgot it.</value></key><key name="email_not_verified"><value>You need to verify your email. Please check your inbox ({$email}) for verification email from us.</value></key><key name="email_verification_failed"><value>Your email verification failed</value></key><key name="email_verification_successful"><value>Your email has been successfully verified</value></key><key name="email_verified"><value>Email verified</value></key><key name="enable_terms"><value>Enable terms of use agreement</value></key><key name="event_type"><value>Event type</value></key><key name="event_type_click"><value>New user visited site</value></key><key name="event_type_sale"><value>Sale completed</value></key><key name="event_type_signup"><value>New user registered</value></key><key name="fill_required_fields"><value>Please fill all required fields</value></key><key name="forgot_password"><value>Forgot password?</value></key><key name="general_settings"><value>General settings</value></key><key name="general_stats"><value>General statistics</value></key><key name="hour"><value>hour(s)</value></key><key name="last_month"><value>Last month</value></key><key name="last_week"><value>Last week</value></key><key name="link_instructions"><value>Your affiliate links can reference to any page of this site. &lt;br /&gt;Make sure each link contains the following GET parameter in query string: &lt;b&gt;{$param}={$affiliateId}&lt;/b&gt;&lt;br /&gt;For example: &lt;b&gt;{$homeUrl}?{$param}={$affiliateId}&lt;/b&gt;</value></key><key name="log"><value>Events log</value></key><key name="login_as_affiliate"><value>Login as affiliate</value></key><key name="login_successful"><value>Login successful</value></key><key name="no"><value>no</value></key><key name="no_affiliates_registered"><value>No affiliates registered</value></key><key name="no_banners"><value>No banners added</value></key><key name="no_events_yet"><value>No events registered yet</value></key><key name="no_payouts_yet"><value>No payouts registered yet</value></key><key name="no_user_found"><value>No users found with username {$username}</value></key><key name="password"><value>Password</value></key><key name="password_edit_desc"><value>Leave empty if you do not want to change password</value></key><key name="payment_desc"><value>Provide details on how you want your comission to be paid</value></key><key name="payment_details"><value>Payment details</value></key><key name="payouts"><value>Payouts</value></key><key name="payout_deleted"><value>Payout deleted</value></key><key name="payout_delete_confirm"><value>Are you sure you want to delete payout?</value></key><key name="payout_list"><value>Payout list</value></key><key name="payout_registered"><value>Payout registered</value></key><key name="profile"><value>Profile</value></key><key name="recent_events"><value>Recent events</value></key><key name="registered"><value>Registered</value></key><key name="register_btn"><value>Register</value></key><key name="register_date"><value>Registration date</value></key><key name="register_payout"><value>Register payout</value></key><key name="registrations"><value>Registrations</value></key><key name="resend_btn"><value>Resend</value></key><key name="resend_promo"><value>Could not find the email from us? Try resending it below.</value></key><key name="reset_instructions"><value>Type the email address you used at registration and we'll send you information on changing your affiliate area password.</value></key><key name="reset_password_mail_template_html"><value>Dear {$username}, &lt;br /&gt; You requested to reset your {$site_name} affiliate area password. Follow this link to change your password - {$resetUrl}. &lt;br /&gt; If you didn't request password reset, please ignore this email. &lt;br /&gt;&lt;br /&gt; Thank you, &lt;br /&gt;{$site_name}</value></key><key name="reset_password_mail_template_subject"><value>Affiliate area password reset</value></key><key name="reset_password_mail_template_txt"><value>Dear {$username}, &#13;
You requested to reset your {$site_name} affiliate area password. Follow this link to change your password - {$resetUrl}.&#13;
If you didn't request password reset, please ignore this email. &#13;
&#13;
Thank you, &#13;
{$site_name}</value></key><key name="reset_password_success"><value>The information on changing and confirming your new password sent to your email</value></key><key name="sales"><value>Sales</value></key><key name="sale_amount"><value>Sale amount</value></key><key name="send"><value>Send</value></key><key name="settings"><value>Settings</value></key><key name="settings_click_amount"><value>Amount per click</value></key><key name="settings_reg_amount"><value>Amount per registration</value></key><key name="settings_sale_amount"><value>Amount per sale</value></key><key name="settings_sale_commission"><value>Sales commission type</value></key><key name="settings_sale_percent"><value>Percent per sale</value></key><key name="settings_status"><value>New affiliate status</value></key><key name="settings_timeout"><value>Affiliate timeout</value></key><key name="settings_updated"><value>Setting updated</value></key><key name="show_rates"><value>Show commission rates</value></key><key name="signin"><value>Affiliate signin</value></key><key name="signin_btn"><value>Sign in</value></key><key name="signout"><value>Sign out</value></key><key name="signup"><value>Affiliate registration</value></key><key name="signup_btn"><value>Signup</value></key><key name="signup_promo"><value>Register as an affiliate and start getting your revenue with us!</value></key><key name="signup_successful"><value>Signup successful, please check your inbox for verification email.</value></key><key name="site_user"><value>Site user</value></key><key name="sort_by"><value>Sort by</value></key><key name="statistics"><value>Statistics</value></key><key name="status"><value>Status</value></key><key name="status_active"><value>active</value></key><key name="status_unverified"><value>unverified</value></key><key name="terms_of_use"><value>Terms of use</value></key><key name="terms_required_msg"><value>You need to agree to our terms</value></key><key name="terms_text"><value>Your affiliate terms of use here</value></key><key name="timeout_desc"><value>The timeout in hours within which the second clicks and registrations from the same IP are not counted</value></key><key name="total"><value>Total number</value></key><key name="unregister"><value>Unregister</value></key><key name="unregister_confirm"><value>Are you sure you want to delete your affiliate account? This operation cannot be undone.</value></key><key name="unverified_info"><value>Notice: &lt;b&gt;{$count}&lt;/b&gt; affiliates are waiting for your approval</value></key><key name="upload"><value>Upload</value></key><key name="user"><value>User</value></key><key name="username"><value>Username</value></key><key name="user_assigned"><value>User has been successfully assigned</value></key><key name="verification_email_resent"><value>Verification email was resent</value></key><key name="verification_mail_template_content_html"><value>&lt;p&gt;Dear {$name},&lt;/p&gt; &#13;
&#13;
&lt;p&gt;You have almost finished registering as {$site_name} affiliate! &lt;br /&gt;Please, follow this link to complete the registration process - {$url}&lt;/p&gt;&#13;
&#13;
&lt;p&gt;Thank you, {$site_name}&lt;/p&gt;</value></key><key name="verification_mail_template_content_txt"><value>Dear {$name}, &#13;
&#13;
You have almost finished registering as {$site_name} affiliate! Please, follow this link to complete the registration process - {$url}&#13;
&#13;
Thank you, {$site_name}</value></key><key name="verification_mail_template_subject"><value>Affiliate registration</value></key><key name="welcome"><value>Hello, &lt;b&gt;{$name}&lt;/b&gt;. Welcome to your &lt;b&gt;{$site_name}&lt;/b&gt; affiliate area.</value></key><key name="yes"><value>yes</value></key></prefix>
